Recommended Filename,Google Place Photo URL
sportsmed_fort-lee-nj_1.jpg,https://maps.googleapis.com/maps/api/place/photo?maxwidth=2048&photo_reference=Aaw_FcIq9LQl8rPqD7viz3sQxEcUNl3b7686xpRBuQ-SYTCTKfBUDVFZ8zNOttM1djnFQH6_-GI8lbwSRbVUCcgkromUVjBT1tivXjM_JzKBQ5-RVlKDrSUpGVGmAL2O2s1p9B24eE6qPIg2CS5Mlkk5wJKFzxMI4lVAkAXVMmdvuWWf-Jsa&key=AIzaSyC8CiBVNeMwe0x7UVQlJ8TUmG7GYjbD_zE
sportsmed_fort-lee-nj_2.jpg,https://maps.googleapis.com/maps/api/place/photo?maxwidth=2048&photo_reference=Aaw_FcLcAOEPggy5dG9Ksm9r2WUcQB9-O0vzXaDBVWIsmw2yb3r854Bz-WPOgLbvBVnuvBUMh-tICx-obsw64_fLnQAvlbt57oX0XKNEmw8kFa213-BdOU0-FajvRHswTwiY8I_X5oTXdJETnDa7h8GCxMt6Wqm_9_xIhfwlL9IAS1qHQMsa&key=AIzaSyC8CiBVNeMwe0x7UVQlJ8TUmG7GYjbD_zE
sportsmed_fort-lee-nj_3.jpg,https://maps.googleapis.com/maps/api/place/photo?maxwidth=2048&photo_reference=Aaw_FcITrvGddqJJ-81qpt5EmPLtsHx6_7aJZHLB_XkMaWlgEx7JZ3acmquvFMy0Vm1DlvgiiIqqIg75MDmMDM2zQaoQy7RnTymZ8Zp264dYxGqCYWwWH2_1nNTNs4Lew-pp9MDScIOp9ZqbZbjrRSzim-Xw1wTTS05aT4omHcajHTjmJKvs&key=AIzaSyC8CiBVNeMwe0x7UVQlJ8TUmG7GYjbD_zE
sportsmed_fort-lee-nj_4.jpg,https://maps.googleapis.com/maps/api/place/photo?maxwidth=2048&photo_reference=Aaw_FcI40b8vtICR4QIrUrsceh2pibECM0_5DtCxIQaTIlj9qg60_BopWO5bG4e-jeTauk-0r6kTthKpSl086jDfHNgYftg9PY81usc-Z2BXf_zzy9mrT_2rVZUzLhWg4A-uSTpI3XoY0okNhTvm9FqoScwM_zS1XwjlGQ_JgC64Gc_x-8QJ&key=AIzaSyC8CiBVNeMwe0x7UVQlJ8TUmG7GYjbD_zE
sportsmed_fort-lee-nj_5.jpg,https://maps.googleapis.com/maps/api/place/photo?maxwidth=2048&photo_reference=Aaw_FcJg4xly6KpaUZlSEZeM2WUvdvNgBIrAU_N9XQGE010yBCcWd4JdU6WNqEbryILgP-5Sk3axmsFuMGEkF7S5xuS_TDSypKdjLjVPtoYAo6n9ujzP28sqtB3lsjkQrm0dQuPL27KAKZV49N4nurK2nWxmNiXzIhzyt-r5FPk1nk5SYkRP&key=AIzaSyC8CiBVNeMwe0x7UVQlJ8TUmG7GYjbD_zE
sportsmed_fort-lee-nj_6.jpg,https://maps.googleapis.com/maps/api/place/photo?maxwidth=2048&photo_reference=Aaw_FcLqX9v3a4VHnIG7v-5U0uwHbvE9E3jbfghJtmbVfGlj_fjmXEl0SM1AhsQBFdGGtyIc6Ve31xG9KVJTroU7eC9o5Xv3q9FJXGIDFRURJC50lGER197HP4jnMyfMEToPJsc6fqeFLpBbITU-NCqOyAJQkpNAEgQljIPBJPFGO_hU64A_&key=AIzaSyC8CiBVNeMwe0x7UVQlJ8TUmG7GYjbD_zE
sportsmed_fort-lee-nj_7.jpg,https://maps.googleapis.com/maps/api/place/photo?maxwidth=2048&photo_reference=Aaw_FcIB1lTctfkrOqrBMDOjUEWmWL-NtIF-AmaNZauRn7pwH2O7qeNIzkoyW_4dc2u33Z2d6C0D6M9bhWa92H-uLkxIxYt5BFE7Mux-kZ6OSthsvMe9T3B01_oF-7sHcNyI3G0VR7b6cTHk8ba7QxCVTSxLPzS5nSOEQYDGyzm_g5mm_UEh&key=AIzaSyC8CiBVNeMwe0x7UVQlJ8TUmG7GYjbD_zE
sportsmed_fort-lee-nj_8.jpg,https://maps.googleapis.com/maps/api/place/photo?maxwidth=2048&photo_reference=Aaw_FcLg-eFIlf2Y-Dbv7YremDpEkcyDpglZlurd7VLr0VPqRIsYS8ANB1oRRs9TztrANfJawKE-_hNEgQzgA9e213ROUWo30wF_FF6u70m8kC6kl_-Keep5eWVvfX40z4ZriQ-gVKFut0rTXmtGmL5OZ85jnIKFanABasips9ko2xKqeCq7&key=AIzaSyC8CiBVNeMwe0x7UVQlJ8TUmG7GYjbD_zE
sportsmed_fort-lee-nj_9.jpg,https://maps.googleapis.com/maps/api/place/photo?maxwidth=2048&photo_reference=Aaw_FcIeesVxwy4hbTKU6mXhIdvJdXeg6md5896xzh5AWwIsIh1g0Tarb56O_p7n00eMPbIDsU0K-Y7P1xUC7u5w1tsdVLqn6pjw7QK_HzSGKhhpiYBkluahQbNGTxwtglwK5R79NtBp9If-poI1P0rSnlbNdB53sZCqm9QEBoDLnEqBVu5m&key=AIzaSyC8CiBVNeMwe0x7UVQlJ8TUmG7GYjbD_zE
sportsmed_fort-lee-nj_10.jpg,https://maps.googleapis.com/maps/api/place/photo?maxwidth=2048&photo_reference=Aaw_FcJXaTxxMMdP4ACsxnvYtNc7CVql2tzlxjxa-AOpyZQL2IFN7HY_BW_r80Ss6V0T09JSPiwgKteYqWYj8ZOvK_S8lYsa-iT9NhiUNXoziaeM6MX6EV_64e5Pd9l-vPn4YkeTQET-LefzrF-E5pQL5TnH4LKogdke6E1JSbpFYeasd33i&key=AIzaSyC8CiBVNeMwe0x7UVQlJ8TUmG7GYjbD_zE
sportsmed_north-bergen-nj_1.jpg,https://maps.googleapis.com/maps/api/place/photo?maxwidth=2048&photo_reference=AZose0l_LGv5SnXZey8P9qNkVbXQWm15H-AuxTc6vIYMTtGLihjdfbpoUdBuzDSzbpvdhNdpZehOrfU9XOfMnyjPK2P820j-CGEG8L55oAuBPpogUaqNxbyFggR7gUojVJiEdbwgm9JvtjgeKz0UnmG2lhm7Urt71bAbjqDSkcrJnGbmMtk&key=AIzaSyC8CiBVNeMwe0x7UVQlJ8TUmG7GYjbD_zE
sportsmed_bloomfield-nj_1.jpg,https://maps.googleapis.com/maps/api/place/photo?maxwidth=2048&photo_reference=AZose0nua-R_v5B-an-TF5e_dCD3a3WyHhC3EkxgNJBEtqpk3E7dcDpv9Jl0W4kK2W5xrGN696qxuokf53XtZyv4YUM-8ygpIDB2OAjzZG5TQcJ9UXBvRCpZb0rfcR1FsG8Iup_L8J8Tk_lqT3zPsAZ8OXBVS0ORLBurrbH1BSZqDLHw_3nw&key=AIzaSyC8CiBVNeMwe0x7UVQlJ8TUmG7GYjbD_zE
sportsmed_bloomfield-nj_2.jpg,https://maps.googleapis.com/maps/api/place/photo?maxwidth=2048&photo_reference=AZose0nZtUftP2SYu65D6rlxfvD1TXNO8UsSqzOiSGPTC7yv9gP7qJsdyYdRIfaehzDse-GGpI-AlGDkUvg-MwbuNWvYpRIcDVwlijQsqUbJGYc3HcwE5j2XzLZ8YYya-CAtnr17R_QEPYc3NCP4KuP6z1QKdd3ZNVEVg48RafcU5axf8kuN&key=AIzaSyC8CiBVNeMwe0x7UVQlJ8TUmG7GYjbD_zE
sportsmed_bloomfield-nj_3.jpg,https://maps.googleapis.com/maps/api/place/photo?maxwidth=2048&photo_reference=AZose0ltuHMVMJTYkJNoT05l3lJucnKpnFmv8hg55MqxTP5X44PmNLVqu-TzwoiTBPL-jMdJFG-T_C1a9T2hdOaRlP6xNj9FdtJeiHpEwsz72Bap8wf2F1huVpHFxfTpltcCx30vJsrLl13VHAuYxHyEDMM9QjP6fKBoHIueH_tDgV-dCvob&key=AIzaSyC8CiBVNeMwe0x7UVQlJ8TUmG7GYjbD_zE
sportsmed_bloomfield-nj_4.jpg,https://maps.googleapis.com/maps/api/place/photo?maxwidth=2048&photo_reference=AZose0kJkoQtH4ovz0cXZOrrQlHEbq3sHA38kLAU7YSula5kmMH5bXZFWukp4Y7flA47q55uEk3Mj_zNKcZu4nhk28GTSxt_0ynm-YVQRAJ6WHSDwYl1hTR5mm2fhDKCJ9MzBo7sSCTsQq9RgxFc5dQrkmPNIbT8aFECQafpwO4zqSp6uwwF&key=AIzaSyC8CiBVNeMwe0x7UVQlJ8TUmG7GYjbD_zE
sportsmed_bloomfield-nj_5.jpg,https://maps.googleapis.com/maps/api/place/photo?maxwidth=2048&photo_reference=AZose0l7M1wrQE2ZXrkChvE_3u6cEHH64g7HVLUkMeqSRYQNipxuYKEQ5nmMr8yPabtIYmbP3ax3MXUwY_hqVgxGVjxv37_F2xyhHqcb8ogSpoUZzIDS-4pxf1xOjqrCy4Mr9HDfDs3ofvqq2Qt4DSFxGuiY6H-D-VwDNt7uofhwX1hLH4sW&key=AIzaSyC8CiBVNeMwe0x7UVQlJ8TUmG7GYjbD_zE
sportsmed_bloomfield-nj_6.jpg,https://maps.googleapis.com/maps/api/place/photo?maxwidth=2048&photo_reference=AZose0mYUnkYPDs1TPrBYCy4l5szyhnNWug32n1fQj4-N9BbCjsnmFCUUUO0JGNdI7gGrr7udCFKZHPv606WWp5FpHNILOIaEPgGns3AUhBolpK_977m9nhhuOgbaNAcZDzw1zO5XvOISJrGcEFx8vBjZVjQ4P90O3wXyVRCRSbMUZfR3bDx&key=AIzaSyC8CiBVNeMwe0x7UVQlJ8TUmG7GYjbD_zE
sportsmed_bloomfield-nj_7.jpg,https://maps.googleapis.com/maps/api/place/photo?maxwidth=2048&photo_reference=AZose0k5WGZ3ubuijgVJjUNMg0zAQhROgs5hJcQ66fuOW0kNBDlOdmX2gT6BJP_CuGd9a3k6yGcixEMN0-Th1gjbBnW3KMlhpe7cEtBHTk32FG-aGPCUHaiCLlbApnWUv8ApASCoZG2W9Vm93f5DlFKLX0ALN-ZcXkWNpq4d6a5Zd5qV4EJZ&key=AIzaSyC8CiBVNeMwe0x7UVQlJ8TUmG7GYjbD_zE
sportsmed_bloomfield-nj_8.jpg,https://maps.googleapis.com/maps/api/place/photo?maxwidth=2048&photo_reference=AZose0lvqqEVdrW8qEWVieKpopuiQicZVl4eSdlliczohy279nKTFxpTuLGN_i7A5JKocUnTNZFsPJkHpuCnWNkV_in1Qy0AQjm9_Tf0lMFHW1wTCDx76CjPkePuUPzGN0-DUsBVHOVs_N9ZBotXkicm7HCv_f16kO-7vdEx6GmGQ--egr7D&key=AIzaSyC8CiBVNeMwe0x7UVQlJ8TUmG7GYjbD_zE
sportsmed_bloomfield-nj_9.jpg,https://maps.googleapis.com/maps/api/place/photo?maxwidth=2048&photo_reference=AZose0lYWDrfqd46mdxItlVw5O2nny1b4rMyEjeBFUPob0hh7VTeDzWSM0Pmi-3r6x1VVLADNvvn7bqNaFID9wYUMDw-nkW3TzUA1h_B2Hlf7G_u909UyA0j4BgmFDZvkxlcBw1UXBFIYNR15R69Dec-nQdi-PcIfbC_6fFhdmvRs4VacTlQ&key=AIzaSyC8CiBVNeMwe0x7UVQlJ8TUmG7GYjbD_zE
sportsmed_west-orange-nj_1.jpg,https://maps.googleapis.com/maps/api/place/photo?maxwidth=2048&photo_reference=AZose0nKfad8D3bzOq-xdq66IkcEOH_-14qTgnlcGPkf18HPMC1TQvyOAu-Bl38zjB_5BqtWDH1aqFCvK6RspeNW2KfKFwag4Y7yv3fYiRAPIIJwgfCo-twaoGhaCqnHHIs23UzGplkteHV6DuPJgfl8wZaFAHlzrfgzw6nAGpEBaHja7cvF&key=AIzaSyC8CiBVNeMwe0x7UVQlJ8TUmG7GYjbD_zE
sportsmed_west-orange-nj_2.jpg,https://maps.googleapis.com/maps/api/place/photo?maxwidth=2048&photo_reference=AZose0nnrIqKzNm4tJn26HRMPgRr9HbNqW0eUdNON3PcW77VbYkzrueZTuXG6e1BIDq5Xigv6D4S23Ji8yoeYfJwaWrWCJNaOseLkXKLoEBu-YJ2Upkn_NOEOXjAUrKWz7qb-wPKu5htvX2tN_aL1zhvOSROYwEtj-k8VL1m3SJZVz5agcJS&key=AIzaSyC8CiBVNeMwe0x7UVQlJ8TUmG7GYjbD_zE
sportsmed_west-orange-nj_3.jpg,https://maps.googleapis.com/maps/api/place/photo?maxwidth=2048&photo_reference=AZose0nzCJyFh2YZZxaYM1bmgH6I-OEJYdb37ye3SZLokUtHd_VXpxWqXK0S4jt0zwxhoGDr3Vhs0OfQfFkf7cDLgHE5kZO0ohIzQTdPp45qob9kMiAdM9SIVG5D88uRNHP7i47-rPLVE-MbCRbLZtw-6vIiE4PDsbIlPGtNyieq-6hN16jX&key=AIzaSyC8CiBVNeMwe0x7UVQlJ8TUmG7GYjbD_zE
sportsmed_west-orange-nj_4.jpg,https://maps.googleapis.com/maps/api/place/photo?maxwidth=2048&photo_reference=AZose0ngja2iy-0YDdQl8mKDMtEVJ1fIiIO7-2usdg7uOH4yCeabjbtkTqnHZwW8-cDqGsBxT3PVVDDuwuJ8Zs6YybrQvKfEYHsM-y3tkJKwTsRkWSTNbjkEhPw0ZEW_E4wDhEwMxHxeMoGmAP5yzVKAEOPSw0JhXGscjPIriiKI5hMrf8ed&key=AIzaSyC8CiBVNeMwe0x7UVQlJ8TUmG7GYjbD_zE
sportsmed_west-orange-nj_5.jpg,https://maps.googleapis.com/maps/api/place/photo?maxwidth=2048&photo_reference=AZose0mp7TZc2IUJzXUfYU-lNj1dk-Ryn5IHy-HMB9UJIUXjI7NzNZTSwqYgO6RytShjuTO9iBKFlznYFpjcg0HkElFL2rocCWrFQQQQLeH0q32T3Nhf3VQQFIWjB8aaDAOFVnhDMIyo7k_agOIOh3mCCy0g9gUUZ-tb1xbh9xJ2RP00XRiK&key=AIzaSyC8CiBVNeMwe0x7UVQlJ8TUmG7GYjbD_zE
sportsmed_west-orange-nj_6.jpg,https://maps.googleapis.com/maps/api/place/photo?maxwidth=2048&photo_reference=AZose0madWl0qO_jp5p9XbRoD9QLnogrgtPQEssigMaE6wNcXOUe2xn12N37sOp7Pk3-ppQlqEhA_rfArxrWexBcIHEU_zb06q9hVzFGyJJzHJfEYghyg2PUupi0AEuOHToBdt96IWdZNWuXGFR-3STmtu_o2L5v4OoOsNWFaibRERZOafK7&key=AIzaSyC8CiBVNeMwe0x7UVQlJ8TUmG7GYjbD_zE
sportsmed_west-orange-nj_7.jpg,https://maps.googleapis.com/maps/api/place/photo?maxwidth=2048&photo_reference=AZose0mdDYclRxETRZ29ENRPbLJxWQdeG21EA9lMw6_BKevCfpEEd26LGDK7v66aOYWeOW2PpDUgKkU7IVONntr7gYbp_1SI2jDnCAhHl0-MW8nCyGl_WG6vew6QBfq-vY_zXm6_HhRlTXlja6iG9IYrOGKhQ6inVorXG8NO0h4XrFSPhMzE&key=AIzaSyC8CiBVNeMwe0x7UVQlJ8TUmG7GYjbD_zE
sportsmed_west-orange-nj_8.jpg,https://maps.googleapis.com/maps/api/place/photo?maxwidth=2048&photo_reference=AZose0kREz34f557bqN64Uamo0PYaLrwkakJoFFxDtGHVPJVO5z6M80jmd5H-emSMGhVAEB-ypdfSoiBakETb3CTH8xSUVdN_-QqXW_onnTvRc2PHa11WW68Ftaw66tP3gVeqgPtOFG-6w-5Y_qPudMOKax31kX5Kwox6xGpINRn0uIrmpjb&key=AIzaSyC8CiBVNeMwe0x7UVQlJ8TUmG7GYjbD_zE
sportsmed_norwalk-ct_1.jpg,https://maps.googleapis.com/maps/api/place/photo?maxwidth=2048&photo_reference=AZose0msCq7j6TgjtEjv4gH6OHH8AKhjeWaPySZZDtmRkwMoqIPIwn9_gdjEpXhnZ5wUCE_5YQPK8I0_-CVlvxRBlViAN1ebdzs_yF2mqE8UPhIGWuRcDKlf9T74RhjV4dl2jSd6twzPTsrlhXdpfBf5hxKrIYslJ71hOgBLzjhfml6pELsR&key=AIzaSyC8CiBVNeMwe0x7UVQlJ8TUmG7GYjbD_zE
sportsmed_norwalk-ct_2.jpg,https://maps.googleapis.com/maps/api/place/photo?maxwidth=2048&photo_reference=AZose0k6qPGHiTArB90CQqcg4C6kK2orOhGzPl8iXrXIFd9gwZ_7AEceqOqAPI0ar99R7Uwt-LHcPEHZ19-KuaGTcrHTs0Pca56eVJYt8E9xbwoQhzbsKosaqJsExtRfrMR_jb3MukYeuCG6Nl-H413mArjijXJ6XBJwEWSDU7MgKxaYlpGx&key=AIzaSyC8CiBVNeMwe0x7UVQlJ8TUmG7GYjbD_zE
sportsmed_norwalk-ct_3.jpg,https://maps.googleapis.com/maps/api/place/photo?maxwidth=2048&photo_reference=AZose0nWS8qlNLR0MQsw5n91IPzUEZnxw4g0n1d5cnF9XwVBsAUzN2hvi4RiwWfidoLrS9oun930drP1uvqxjx4HVDxCBrX3rc_1mIbeZQe4sueNDMlFgcG-21_x37h3N0zzyFWLoEojo_H7ZAfTmCsSkWmLK7Zifuwsbk8GX3ek90ykpuvO&key=AIzaSyC8CiBVNeMwe0x7UVQlJ8TUmG7GYjbD_zE
sportsmed_norwalk-ct_4.jpg,https://maps.googleapis.com/maps/api/place/photo?maxwidth=2048&photo_reference=AZose0nSUyF0Feu3WefJV6-k3y-Y6edjn_PSnjdsI31nWhYjUnytP6NlYOYnOkJKVWzvnRZ1ApBSVntFUcNTj4gw5nr9y4WJiSZtV2tHrIg6epqoyTBcTfnJO3__zdx6aYI1XOmna4TUMHFEiwqq3hjFyw2ZF8y9zBe2gr3m18d0ZmLGXNv3&key=AIzaSyC8CiBVNeMwe0x7UVQlJ8TUmG7GYjbD_zE
sportsmed_norwalk-ct_5.jpg,https://maps.googleapis.com/maps/api/place/photo?maxwidth=2048&photo_reference=AZose0k4qzpZQMv9ARW-xNedPoFPrZGMxZj_fY-kj0a0xZaYr7bP6ulw1gorD060YO2LVVMfgB70Q3ib7ppqpSrG7qyd5J3FfH8BhayBJh_WIPHTLKuDR-g7yhqoUc5djcSHKrfILBkBxQ__pSFzDADpyjt-IkilXIyzKrmdJiecu7OKSpns&key=AIzaSyC8CiBVNeMwe0x7UVQlJ8TUmG7GYjbD_zE
sportsmed_norwalk-ct_6.jpg,https://maps.googleapis.com/maps/api/place/photo?maxwidth=2048&photo_reference=AZose0mUheSD5_ym5r-VFfH4cvb7QzG4pF8QpHgc7iUYXI39A20ZaavWgY571Tt_q7Vv48O2S96yVB_kL2FerfvyD40fCBsrqLi31Q3i2zE_4-lhrxoZ_JnL0LioDIZxU8X33KAiidmD-18B2-NKtqErxUyy5o-nX5eVyEEazYilhb-ib2KH&key=AIzaSyC8CiBVNeMwe0x7UVQlJ8TUmG7GYjbD_zE
sportsmed_bridgeport-ct_1.jpg,https://maps.googleapis.com/maps/api/place/photo?maxwidth=2048&photo_reference=AZose0k9zx9H9YlUBPvTWZuSjvFmkEwKe2QKIjUs3C998XEbEhE9q7Q0vcUmvDXX6bSgJBm103yMT-9eA8oE_dEbPBOVI8987Ls0GWmQmQsjlHzuEviEXr2qwrtceFHGebkEZCS468HqAA9ctoTtA0cl9gBi5owsQvwDzl9gpPO5RHzx5npc&key=AIzaSyC8CiBVNeMwe0x7UVQlJ8TUmG7GYjbD_zE
sportsmed_bridgeport-ct_2.jpg,https://maps.googleapis.com/maps/api/place/photo?maxwidth=2048&photo_reference=AZose0kkNxkUVkpHByST12PKQRxEswZjvT5ryrlXwkxf9_YC6wQhAhhGZ94dWeCZzkCEbOUT1BwtEtCWrx53UzW2Oxu_F1qRJ3s44C52NQc9EVP10ph6X0LeRUDkERrzqYHIPWpc8RFyz3X5j_o4axxpyDj_VXP9s9YoZCw4lcGuLvUUk-kz&key=AIzaSyC8CiBVNeMwe0x7UVQlJ8TUmG7GYjbD_zE
sportsmed_bridgeport-ct_3.jpg,https://maps.googleapis.com/maps/api/place/photo?maxwidth=2048&photo_reference=AZose0nU_r-CJoRrwwfWjACsZ3vODOxUcfGVHazIMaZ3s7oJKUUZziEOYpXaUxcAKHumGoV0tORjwZ6pxQV0RAxovqGrQktU8y4rgTE_UXm7__yiqY0XeETsbLlSDwMxsibsdH9DbC1r4QB22wkgIL3j6KBHgUv3FJQiYHmH10V1qDyds4Rl&key=AIzaSyC8CiBVNeMwe0x7UVQlJ8TUmG7GYjbD_zE
sportsmed_bridgeport-ct_4.jpg,https://maps.googleapis.com/maps/api/place/photo?maxwidth=2048&photo_reference=AZose0nHM2kEk0C3THTUMujNJwgr4Cy_NztjUkZRY0ctRwqJrR479FCVDOMhSyvKNojL8ScTxUdGlnJtlq2OuHkfaYhlY_dUNOERZmzJTKAn3vdyuQEdNpZEkzQVFsjrY9vVHUBVSCHJWdiAXGlC8rybj3CwEkyGxeTObMOdhweTEowaTGFJ&key=AIzaSyC8CiBVNeMwe0x7UVQlJ8TUmG7GYjbD_zE
sportsmed_bridgeport-ct_5.jpg,https://maps.googleapis.com/maps/api/place/photo?maxwidth=2048&photo_reference=AZose0mGAW0DDkdTdtl4AITMrIAwEPeJ_fz6XHNpFgz_8wC9yTc4pfARMdSDJG6nt-tL99BhDf0bivZabpS6QK8Qtaj1ka2544_6IXG-qZ6Kbg65zz2baoyP0P-EgaUYnezTYfYGr4G5tM934v1JFz77CdNdxqMyAiWCiOn_fq-PufdtVZ8Z&key=AIzaSyC8CiBVNeMwe0x7UVQlJ8TUmG7GYjbD_zE
sportsmed_bridgeport-ct_6.jpg,https://maps.googleapis.com/maps/api/place/photo?maxwidth=2048&photo_reference=AZose0nhxY6baRy8pZYYJ0o4abWsjkbGYfHIzjlZPx4IkPPQfiCnGfTGD1Q21e1d-TfxiZkq6j3atHQsemzGEfT-hurflNTw5F7fxza_UhgdHos4Jbb2Id0rt_pUsRTP6T5-lqVZOcwV-mXxqWaloQCaMdPU1VRUoO1mUzEAabaYycVi694G&key=AIzaSyC8CiBVNeMwe0x7UVQlJ8TUmG7GYjbD_zE
sportsmed_bridgeport-ct_7.jpg,https://maps.googleapis.com/maps/api/place/photo?maxwidth=2048&photo_reference=AZose0m8-001lZoBGoF7HKwmYgYuySHIvuP2JFOJZM1stUfmsm3b3BT-GjhlvcWqYwHYmdXpT3HsYBq6CoakwPrrzJSiCzWZRCCKXgvVeb2zn51y7qtxCVFptG_ggeZmXKSwjwi8Zn4P-BQ6J5ZmJPcpYShOxs_ok9DkzWHOHU9d6WoIBW75&key=AIzaSyC8CiBVNeMwe0x7UVQlJ8TUmG7GYjbD_zE
sportsmed_bridgeport-ct_8.jpg,https://maps.googleapis.com/maps/api/place/photo?maxwidth=2048&photo_reference=AZose0k97eEAst6aST4xgvWxA8KqEfHqPbCt-xLfxvTPFCQzZOBgaVsSHslpHRvpiKARbAjycaAnxCKReGwG7-_KazkRmDq57cVERwhYz8VXCj6lSZaa29TwLRlyyDaMlTuUVyYdgN_yAtxsAGB5ae_XyzDtolpOVKqL6nAeF_6vyii7ThSR&key=AIzaSyC8CiBVNeMwe0x7UVQlJ8TUmG7GYjbD_zE
sportsmed_bridgeport-ct_9.jpg,https://maps.googleapis.com/maps/api/place/photo?maxwidth=2048&photo_reference=AZose0my4YXya1eWXG4BvvIVt4OtTzYTRHXanck_NFOZ-8qE5rsLwd6z3HpUCO01ntT0G95CifPyeCKtnuV-warrjlnOI-e40hBoHOFrUCHOeg0VxxRx0Y58ufhjeM3bIC2rRj4yEcDlcXA_urwrx20O_OfxMPcRoSYGkTSHK0WmGOwoTH6C&key=AIzaSyC8CiBVNeMwe0x7UVQlJ8TUmG7GYjbD_zE
sportsmed_bridgeport-ct_10.jpg,https://maps.googleapis.com/maps/api/place/photo?maxwidth=2048&photo_reference=AZose0ngy_BiYOe1mMLZvXkAdrBck_jnvmD1wfKJv2AMga6Mtn8WivoVxSkTDVyLFfPlkgre5ic-YbfMeEpC9dS0EmNVwffDo-S3AJRGJ5_siLb4-2jcdVv_ECtiqTyczp-KsnsObPwiA5l7-gRwTgdp4LAA_o1DEoW4zJ__2sHjzUZzfk_l&key=AIzaSyC8CiBVNeMwe0x7UVQlJ8TUmG7GYjbD_zE
sportsmed_brick-nj_1.jpg,https://maps.googleapis.com/maps/api/place/photo?maxwidth=2048&photo_reference=AZose0k611fyb4uIGeC021f_7I6nZmwiitI3mvB56SUEl4MD5GgyjewK1P6PbX2qNQ01gsigTcqhotwgUKdFWv9yCXNmajj5jLAxFby19FZ8YESK9NzaO6IGoro7wLBhmLQ8WLM7ejzm6BBBI3XPTO8gvebf_oBIxHP0U_mXkri0Mp1GLiem&key=AIzaSyC8CiBVNeMwe0x7UVQlJ8TUmG7GYjbD_zE
sportsmed_brick-nj_2.jpg,https://maps.googleapis.com/maps/api/place/photo?maxwidth=2048&photo_reference=AZose0kazssUZceZ6alMKtkAij_ZiHR4wmn-0JmOQb6YENXeGISL6wEOztQ4v4vT3u5Po2RQ_J7sBJJtHKyE5-46o6wOMrmHyZTGxp0Y0iOS3zMyEbTCJhTV1Xwxr-qVrFzDJo1jMrq2tqqAa9G4z9MUhd-po6XDMOYZF7YlunUhbRt_iTzL&key=AIzaSyC8CiBVNeMwe0x7UVQlJ8TUmG7GYjbD_zE
sportsmed_brick-nj_3.jpg,https://maps.googleapis.com/maps/api/place/photo?maxwidth=2048&photo_reference=AZose0niyDW3UCAn7v7tPa-ReTjQmsqIP1EtnGm69TpByvJwIODBGyTAoFF_YeD-JhbcHSAQfOpXpE7F-7x9ebBUGe-Cpytb3nIcPhDUgHjMwTyzopWWiqIyXkK3EE-e2VnQUZ9wau6SpMVAjj0fuoCJVPyjs_haSNAl8ltcaFqWn-mPkcGv&key=AIzaSyC8CiBVNeMwe0x7UVQlJ8TUmG7GYjbD_zE
sportsmed_brick-nj_4.jpg,https://maps.googleapis.com/maps/api/place/photo?maxwidth=2048&photo_reference=AZose0ks6PLFV5FyP4-0eFEozMG4qfdTwmMexqyL9cZHJ-SyOYmk48WjosXDYhvjkDgVJeC_HeJcQd0SxjRPt_M6rNbGAAM0BXSXXwG_fSiGqTVJq12RlcuoH-CBH2BEbef_hz3V-wJu-z2yZqUbmLaT4wZgOmP8TNeEdEyDRyEmCwlUJduo&key=AIzaSyC8CiBVNeMwe0x7UVQlJ8TUmG7GYjbD_zE
sportsmed_brick-nj_5.jpg,https://maps.googleapis.com/maps/api/place/photo?maxwidth=2048&photo_reference=AZose0kSAdRwPZgSEf1HNp0CjrZ2sMW7qNupPsooHV_6WP1ls7_ggZSYSRbrw_8NgJYbdShgIXjgAXMgLaotbuzlYbQ3T4ftVHWS-b7GaWG0BJBofHx7zJsvkcXQPRaGQpV1AsCWNyBwXaX7GZzZT4EImdtN53z2o5E1_pQbXykPZ1j6Hmq4&key=AIzaSyC8CiBVNeMwe0x7UVQlJ8TUmG7GYjbD_zE
sportsmed_brick-nj_6.jpg,https://maps.googleapis.com/maps/api/place/photo?maxwidth=2048&photo_reference=AZose0lYZ7tXxb0Dg4SFcKoDHdm27RSF0RjpaXhwAciMvEaMGQUtms7XlaGsF24sulPEtizJwF8kFdUg16Ute-KqSefOQn-MzNKslT4t4FoywIgL9htjuTJU_ZTlQMOf80qNIkv-VS9ec3FRX53YM0T-WRxO8fG1MOH4OLFMiZ3ZiPwBHufn&key=AIzaSyC8CiBVNeMwe0x7UVQlJ8TUmG7GYjbD_zE
sportsmed_brick-nj_7.jpg,https://maps.googleapis.com/maps/api/place/photo?maxwidth=2048&photo_reference=AZose0nqY3-24xJPXwA8ru79GYD6Vfw1cNGmI53JLNDVgLSwy7DFp4lX5j6Fgp7srw_SHL0Sh6mzsns-I95K0SU1-LZZMzrFZOBzoSTIhDy4NE-wnlqOKBsHQFzOUVN0d3q7zQt9_MNzVV-X0kcDjCM3cIzsk64GiJja3AE91RMZ10QPVLAf&key=AIzaSyC8CiBVNeMwe0x7UVQlJ8TUmG7GYjbD_zE
sportsmed_brick-nj_8.jpg,https://maps.googleapis.com/maps/api/place/photo?maxwidth=2048&photo_reference=AZose0m5Pf_uiyVy4i-PcuFJjS9jGyhY1iOb6gY6yvIhMW5vCdM1TQihq9uNLsEdvqWnX4HZ6Tv_iPAsKMvydQ7fq-Opcv1HTHgua5xdU5yiQ6tKinwNS7MrxUdTkX-ByzpBap_kRur8AlIsqGE7O7v2BH50WhkePQ-K1RKYoQgZZXlUbqCy&key=AIzaSyC8CiBVNeMwe0x7UVQlJ8TUmG7GYjbD_zE
sportsmed_brick-nj_9.jpg,https://maps.googleapis.com/maps/api/place/photo?maxwidth=2048&photo_reference=AZose0lISInsJQKOoATmUGXqZ7_rdzuw1Q87tPr5xZCdP0-U6-MTqt2hNkp5GpJX_OGYYzqoknjMARdEx792uL-kDt_u8aX_qewUE1Zr5d4RI6lU4i8zDuw0va474is9nW0qkS0GuRYoiFVNQWXyKaUFZEI-Arq1FlE8W73lD2Upr8yLj4Lz&key=AIzaSyC8CiBVNeMwe0x7UVQlJ8TUmG7GYjbD_zE
sportsmed_brick-nj_10.jpg,https://maps.googleapis.com/maps/api/place/photo?maxwidth=2048&photo_reference=AZose0lszdW0xwAghLrhhVl7pbByl6AcnzNI-TSaRzjuTeklIVJHAnuWXAuJm82VNJz7lJ4adg7RACv_9Z5M3bA_SBl3KlZI7RWFEyJb2jUlcgP-YAoAqBI8lLKjZVgS_0kRK2b5mFRRskRwxqCWic-5siHJXGTiaaPyNJYSMQmsr6w8t2GE&key=AIzaSyC8CiBVNeMwe0x7UVQlJ8TUmG7GYjbD_zE
sportsmed_new-brunswick-nj_1.jpg,https://maps.googleapis.com/maps/api/place/photo?maxwidth=2048&photo_reference=AZose0ldVc0vH45BRfJWCrK08gkBKK6ZLogogVWxadWTIBgw6eXhBZ_uNojsQ3nn9h4hzyxUPAYT1uTeLHJVU_p4Ouc-KgJQF8B1WWMmN3FR3kUCq9mwGI_bvop0iuFdrZoR3yOsYfb7YQLIboDsL2ba03f_lP2Eua4SrLr5MgvQ_eYaFaRY&key=AIzaSyC8CiBVNeMwe0x7UVQlJ8TUmG7GYjbD_zE
sportsmed_new-brunswick-nj_2.jpg,https://maps.googleapis.com/maps/api/place/photo?maxwidth=2048&photo_reference=AZose0nkWcB9vpyhTezI-hnTTwuU22b9yuFmM_a2Pm16Xf8LpzV4UsEwejtR_hr7of4va7IhFZl3LPIDALh344kvnLUTOxPCLHes5JsXpbYxbEm7igpbtZA36nmULEmnFv4USRSTFjM_2YAZS8QUtsUQLGgbMqo_SsQdlP2xxnQMQ-ueA8Vk&key=AIzaSyC8CiBVNeMwe0x7UVQlJ8TUmG7GYjbD_zE
sportsmed_new-brunswick-nj_3.jpg,https://maps.googleapis.com/maps/api/place/photo?maxwidth=2048&photo_reference=AZose0nT6tlqWFwUVGUbgyTMLgpGYZGUlo8FAKUhSw_K7wisb8_MLzdVxrcJVXb_X-6To96FFbGfKi3n5KViDygURFmRoKcN01buJdj27-Oz_NHBbWxc7P9DwCYKJAgexJFY9vgHdMG_ecb8yVWr4-glxGziI7ie0YdoD98YXUveUMd055CM&key=AIzaSyC8CiBVNeMwe0x7UVQlJ8TUmG7GYjbD_zE
sportsmed_new-brunswick-nj_4.jpg,https://maps.googleapis.com/maps/api/place/photo?maxwidth=2048&photo_reference=AZose0mJ1_8YeK1IJ80w0YmE7Xy39YoL0se5sOVx_71Fc1PysW3pTNNs-LZmxnwvHWVSkmQkgTvPXf9xnFgLUEhsky7lXK_xslcbqB2MmhQKM003z9dCD4f0q6--HkwUc-kBq0ACLh5GtA3WTIlwiPF98sjzsEoKuAbC2gDBHrg5irwmK7jg&key=AIzaSyC8CiBVNeMwe0x7UVQlJ8TUmG7GYjbD_zE
sportsmed_new-brunswick-nj_5.jpg,https://maps.googleapis.com/maps/api/place/photo?maxwidth=2048&photo_reference=AZose0nQuJSWuoTfYy_VEpfK_AzOohTZ-GVaE6kvm3HS0-hYa49gpiIO_pY7bF1bJCgCWIlP1d6sXXxsDwci3EFNffj4onqrLwCO-2IL4HXv18vGhR6AZKX5KBYYECDC2__aAYkxAbeLahPlNALB4hWYQNIM7gIvNnoWPJKXS__twTRAWlri&key=AIzaSyC8CiBVNeMwe0x7UVQlJ8TUmG7GYjbD_zE
sportsmed_new-brunswick-nj_6.jpg,https://maps.googleapis.com/maps/api/place/photo?maxwidth=2048&photo_reference=AZose0nILBYwOsZZIG4t2Ss-1-Eccjvpv43Sd9Vg3zDZwhBlI3oOIkxeiZmKR8CkXBhjaypUNVuNGbuNQNNGKPjYSw18inPET0JF7AC83M3gyejc0U6NOYHVKuXOqzDaCEkDvmF0VjSFpMxRqtCGyxZeG6wkq-mNWSeRjMnWd8JwgPaOMK_C&key=AIzaSyC8CiBVNeMwe0x7UVQlJ8TUmG7GYjbD_zE
sportsmed_new-brunswick-nj_7.jpg,https://maps.googleapis.com/maps/api/place/photo?maxwidth=2048&photo_reference=AZose0nwUS07l-y9Y9vvmO33KTNs1QGj6Q4vccmH3PwZ-Hem2EIAAetjt5UD_hEWsCk47pJVxSFsBt-EM0JjojQSXrvmaydhmUoofY6CLvdhXdujC6VrBMzdQHwT5kv6fF_YslQinZei_v2Ro-Jg8EbgDknYyBKvkdSIBOi4425tMXRmpGxN&key=AIzaSyC8CiBVNeMwe0x7UVQlJ8TUmG7GYjbD_zE
sportsmed_new-brunswick-nj_8.jpg,https://maps.googleapis.com/maps/api/place/photo?maxwidth=2048&photo_reference=AZose0m8abu6Km68PnDjGGUbtJ1wVhwMhDgqQ5hlrgfrClebykeQebrM_FY8dBP2PAPnso8RsHXsyjgDknzQQLRUbucA8UVlrV79f6IrggqnBR56fTo2B6gKAcxbuUAqdJtZ3ljwzjyap2GVB1kijc6lzmgujHX0pTl1hFHGJulT2YDsBZap&key=AIzaSyC8CiBVNeMwe0x7UVQlJ8TUmG7GYjbD_zE
sportsmed_new-brunswick-nj_9.jpg,https://maps.googleapis.com/maps/api/place/photo?maxwidth=2048&photo_reference=AZose0ndKVWznTmFPcrItITZW15N5mhdjyXnrkILflNcXfuowlOEjFCwk61OGmrO5LbiH9B2Sp7Hdc5bthjtLHak4ODZ18Rh4ocXBUEO7kn88gY60DLDha3zcQB72GYonGnpsqcTA4rQaLZW2elfMfw7kwuty8-KULqNbzEnM8hY_3isdSLU&key=AIzaSyC8CiBVNeMwe0x7UVQlJ8TUmG7GYjbD_zE
sportsmed_new-brunswick-nj_10.jpg,https://maps.googleapis.com/maps/api/place/photo?maxwidth=2048&photo_reference=AZose0mTvW1-cTMjwpDtpQkYk_eXAqdC3qXVWSgstjBMcMhQutIGnTv6lBLrq638yXe9YgncQ6LcnU4Y4QiOg9-iJdTmXCyHzQAY9S_wJYbgvUX22wudvBl5VyFPgg2sS4Sm0RNIqynI4GLRbf190O3aWRrW8H_4d7qqeLEmAarW9JD7DRPQ&key=AIzaSyC8CiBVNeMwe0x7UVQlJ8TUmG7GYjbD_zE
sportsmed_elizabeth-nj_1.jpg,https://maps.googleapis.com/maps/api/place/photo?maxwidth=2048&photo_reference=AZose0nXGmvQ8Em60M5q7Tq6zFDHcTJ8LRBeE_wdBUl3n5-wpF3x6xoEcL5rEAm70YgxWD-7Q4msrhAxiF5wHGJ_lNoo5CT8BaeJFFjUIrtbnUoqxfh6K3c0qL1zUTe54jMgOsM7XnDUdVPUql0brYILido8xW5_Hr58TG3Q-4xRgp6QAux6&key=AIzaSyC8CiBVNeMwe0x7UVQlJ8TUmG7GYjbD_zE
sportsmed_elizabeth-nj_2.jpg,https://maps.googleapis.com/maps/api/place/photo?maxwidth=2048&photo_reference=AZose0n5Ce1RIyGnaasCmtdS_nDz7VK6Q8YplgUxnww9miQ9RCQspZufkEIMnBf4NcOX1DpGF-Y0JazQeX8jr0ka5iqBxf2016Smf9MEKh6i1crePhSjtY6mhdHBLkCLeaHT-quRu879FFbjRGH847WmE05GTWgLJkmDshDc59B3eDiYlhHd&key=AIzaSyC8CiBVNeMwe0x7UVQlJ8TUmG7GYjbD_zE
sportsmed_edison-nj_1.jpg,https://maps.googleapis.com/maps/api/place/photo?maxwidth=2048&photo_reference=AZose0knu6bhJAqS9SR9aadU30vfeFSiEdi_u0NzmYWRO_lwJTlkG_BHyPdzH38diNPYoGW2kxjwHv9kytV3Wma9dImWhrtMjpnhTSoabDvDgorpwP1me9wmr2kTMMB_a59XIDpt4dTclPgIVGYxssEI15DhcgRfO0GmHeeJkkvS_bEioRJV&key=AIzaSyC8CiBVNeMwe0x7UVQlJ8TUmG7GYjbD_zE
sportsmed_edison-nj_2.jpg,https://maps.googleapis.com/maps/api/place/photo?maxwidth=2048&photo_reference=AZose0kauNzeSTtFxkgXqmcxwjpVMv5s0Bjek2ZDS74icLAsDJBoS5O52EDIgyMBREfISTSEfexCJB2vaGm1PkO21H3_Bujqzvm9eicXym_8Hm0-VVvNg92ExE6-Ix0vIE9cw15EArOTGy-4bY0GDe-C_S57Ka5Ylmwz5OTd5krCf4NjiN_I&key=AIzaSyC8CiBVNeMwe0x7UVQlJ8TUmG7GYjbD_zE
sportsmed_edison-nj_3.jpg,https://maps.googleapis.com/maps/api/place/photo?maxwidth=2048&photo_reference=AZose0lOajExCyPRqwmp9xH-Coi1T9IB7FPmwhq8u-Dvirk9DF9IsdB9AYTNbFNd2YEHwpFn8ozQ2kyY9x1j2GUIkdVgaM1QmsGDCCldhDX8uabT9QCHUP4XJ3N6UQeSdbqK0QK7LGzALgUmJFbYl94Y3nzRpw1k8WP5OW2pIASJdzqaCrQI&key=AIzaSyC8CiBVNeMwe0x7UVQlJ8TUmG7GYjbD_zE
sportsmed_edison-nj_4.jpg,https://maps.googleapis.com/maps/api/place/photo?maxwidth=2048&photo_reference=AZose0kh8YZsR4SEbKEPurH-hacsVETGjJCIlI30b7H9Ma1JczUr3jSENK4TJfhfL-K8d36ZOJ1PYkyQrIj-N3s3zhHvm4dlD46PwW_eVkvcU0AKtiE2v4udGnlNmeKuQa-FWHUZOtLEQ_K8WpTnB1IKXFVhNRmGeNaZMaR7eo6A2OpRu5oD&key=AIzaSyC8CiBVNeMwe0x7UVQlJ8TUmG7GYjbD_zE
sportsmed_edison-nj_5.jpg,https://maps.googleapis.com/maps/api/place/photo?maxwidth=2048&photo_reference=AZose0lAVbXyTr7xx7Yjpv_W0IuHqwh0dJikg5EZbvucr1h-QKUUHWvFIEqO_N89CkLl2vcPr8Q7WeyRmnWKE1HZ4a3-oGRqZWQsdcwe-K5efm9_yl2ERauJouZLWN4SV8EKmaCs0mFbmKtryD5MdZL3h3Lcv3yoV5jZt7rZG_ulMgHHid8X&key=AIzaSyC8CiBVNeMwe0x7UVQlJ8TUmG7GYjbD_zE
sportsmed_edison-nj_6.jpg,https://maps.googleapis.com/maps/api/place/photo?maxwidth=2048&photo_reference=AZose0l_WWLxqOHjIvN_FAnESvFyN42_RVEbJNCjJUsg-VkD2lmw_7xNHbQ8CKv-hJgKkm4JZbPNqqTAyRmOrny2rclHFyIFS_-k_oGcTjson5KTwiw0tT0R3b4fook2eMR6zY2lvUD1SSe6hf3GwbGuFZWdos9VXLlcvu3psfF8NQpwmMJv&key=AIzaSyC8CiBVNeMwe0x7UVQlJ8TUmG7GYjbD_zE
sportsmed_edison-nj_7.jpg,https://maps.googleapis.com/maps/api/place/photo?maxwidth=2048&photo_reference=AZose0lB-5HyHfvu6RPcwEzk9pTBXWlO8VV16QUw8mLbyHZcX-xOZM2-62mzt3zHu_Xu2gYs8SvvFGkQD2lIS6haeSmyU_HxsM6yqUHoG6qfkxYBAJwySIpOvoCBXx36ubnJFb2_u6edsshwv4kfl8LmurnmIpjwWBjcMKhwrX3knZbTUhaB&key=AIzaSyC8CiBVNeMwe0x7UVQlJ8TUmG7GYjbD_zE
sportsmed_edison-nj_8.jpg,https://maps.googleapis.com/maps/api/place/photo?maxwidth=2048&photo_reference=AZose0ngIpaVvfoWJx5R3vVTbQtZr3Bs0O0JgyAonBBCGh7zoCTzD1Oj3OLdwPEqtmNXz6hYqbN6DfcZMx42huPPYPGRAVuz1hpfFsrh7dM_s-rvS6M-YAXCbxzKlDU7P--i5gxJXHimTWzM1-O7GJsCkSZagsDKhjkLj0Wyn2nD0cPH99V3&key=AIzaSyC8CiBVNeMwe0x7UVQlJ8TUmG7GYjbD_zE
sportsmed_edison-nj_9.jpg,https://maps.googleapis.com/maps/api/place/photo?maxwidth=2048&photo_reference=AZose0mcYd6N6cB3T1ORaNybVjhd1UIRUcHByfxoTI4M2PCT4UoEG1C7kbxKzFc-DBU6yLEo8NHYl_heI7jMQ6EFccVpNfDiCIi_VoEaDTf37Pe7njiebmiOcQBz11GDv97QzZONEbX67gjRmZZsRg6Nn5C22CpyhjPgI1GRw37_pjJdBs7p&key=AIzaSyC8CiBVNeMwe0x7UVQlJ8TUmG7GYjbD_zE
sportsmed_edison-nj_10.jpg,https://maps.googleapis.com/maps/api/place/photo?maxwidth=2048&photo_reference=AZose0mksyv-XKhJ2OdPlxmMivPeI9Kwn-a6IZ-gsYrOb6Zdu1goZHnUDrobbu1StPJzCm-dw9AA3zqr0IcjWgprJRPOEROcjMNjUl8hKME6f0GMR4ush1mRPnsLVx3SdQRT6icyoPR2hU8AketzsesdToTgQJ_2jQKP4WCjiuvvYxq1PRwb&key=AIzaSyC8CiBVNeMwe0x7UVQlJ8TUmG7GYjbD_zE
sportsmed_passaic-nj_1.jpg,https://maps.googleapis.com/maps/api/place/photo?maxwidth=2048&photo_reference=AZose0m5_xF3ATkEfTAy-bN5j_6kzODQ8Pl75MiYqOPjIZ74BobDUHgDbd7dClOJkZ-JSp58NTTQDPYFNFzhkHnzuc91poi-vhl8v_QXaIeQnuHlSBujHWbaNeYgcZ9st-R1CqSCX7YRdVggstreAA6Rwll9nSGQLIjR7bMj9uBw9sfwvleY&key=AIzaSyC8CiBVNeMwe0x7UVQlJ8TUmG7GYjbD_zE
sportsmed_passaic-nj_2.jpg,https://maps.googleapis.com/maps/api/place/photo?maxwidth=2048&photo_reference=AZose0kFnvV7_fG99BOFYMALHE0djDv_0GNfhZuflec8uTqn7wZJL_naySJSUYKmoNNOFJyd-2ZjHuZePTYN63K5E4HQhDRMUwnNARjzqtI1JKcddbvXR1G9eg0Zyr69Wj0mqO6nfe-Zvh9n-aebH7-sHOoZwbW7tDwemgDpgAxScSEWVunf&key=AIzaSyC8CiBVNeMwe0x7UVQlJ8TUmG7GYjbD_zE
sportsmed_passaic-nj_3.jpg,https://maps.googleapis.com/maps/api/place/photo?maxwidth=2048&photo_reference=AZose0lsYm9rX0rrw_jNuoaT7MEmkdETDO4DVjsCHP5uC0ezWNqIPlxcCKQJ7LFbnoGGauQ6Ja-NXVCJVEEcWSAZuTgrsV5JeF2GT1BIMTCjqIQC7YpgO_ECmtmvcJSMH1lETAW6hW-F9db6_udYSC2cvYTk6QvEKGcT4dRqoB8neEpuY9JC&key=AIzaSyC8CiBVNeMwe0x7UVQlJ8TUmG7GYjbD_zE
sportsmed_passaic-nj_4.jpg,https://maps.googleapis.com/maps/api/place/photo?maxwidth=2048&photo_reference=AZose0mbxoYzw2EB7vFcMBxG3LZ7eWm1kWDsAF4fVKfci3HVZ8Qds8cFfMENgF9l-Hzel0jlv0MA-Y1ES0i9Cqdf4yDUxlmB_8R2ZXEYNzlsYQVlWcCwqpLv7dc2cB0B_AKk0FogV1-eyVVuLgg0IuVHeF5bZ2e5qoos3LyoGK6tvzXMjsUI&key=AIzaSyC8CiBVNeMwe0x7UVQlJ8TUmG7GYjbD_zE
sportsmed_newark-nj_1.jpg,https://maps.googleapis.com/maps/api/place/photo?maxwidth=2048&photo_reference=AZose0nLFxCRclCzcJliuYpoLRJhE1v3ls8-v9z3YWIEQ2HFgr1hqdX-HZZcvwyHNU-ROAKyJViKhZOpZGYM3XfwIwUlRDWApK8Ht2IeNoJKF6Xu4baodeoPBMoIEyPdKATaQ4qTcRX8QaPsVze_kTN0aAuCZc5JiteGyy08XO27bldiXJib&key=AIzaSyC8CiBVNeMwe0x7UVQlJ8TUmG7GYjbD_zE
sportsmed_newark-nj_2.jpg,https://maps.googleapis.com/maps/api/place/photo?maxwidth=2048&photo_reference=AZose0mbjZleyLsnTPXyQdup_2lc1h57ym_43qEg0o0KPXNHK8BP7dTBZH3pqcpDS9qYhZs19M4luZcZQdVmSKmSbWQ_TsGDHGnrVREPMJn_4ar3Wvm3qjb4No8ybyRH77Qqpw-OacjO0IZ5nORZHQ47NdK_nJVT2h1nBRd5eXIcc1MfmqFy&key=AIzaSyC8CiBVNeMwe0x7UVQlJ8TUmG7GYjbD_zE
sportsmed_newark-nj_3.jpg,https://maps.googleapis.com/maps/api/place/photo?maxwidth=2048&photo_reference=AZose0mtRSg3JjlMC6_0sllmld9IJp8jr3QuHZG60M5C1to5H_pT55ZdSM_DVD_D4e6Fc5W86b3sftEer8M6EHzr0eAw5VXDFRIJcr9FEziUXvBeVvPBolj6Cb_XnM0EfEFJPHjekWWYXQvZgZLlkyGoT2lgxXF4JUFFDdMf1SNUvgRu8ZN9&key=AIzaSyC8CiBVNeMwe0x7UVQlJ8TUmG7GYjbD_zE
sportsmed_newark-nj_4.jpg,https://maps.googleapis.com/maps/api/place/photo?maxwidth=2048&photo_reference=AZose0korDYBmi6uw_EX9EDC-B0hpJz3xZd45WestPiEAtWKPlqwiWBOY0DivoIPLbX1yRtpIjPlnjCbs-hNQph77aS_tsQHQcTkfLlcuPYg7S2fIH-t6ypzDS8ka8YeJXyojhdSADRNwUFM7wlGey73ExWJGLlq_msJW1ihhrj5tVfO0P4k&key=AIzaSyC8CiBVNeMwe0x7UVQlJ8TUmG7GYjbD_zE
sportsmed_newark-nj_5.jpg,https://maps.googleapis.com/maps/api/place/photo?maxwidth=2048&photo_reference=AZose0kQki7X9DdOSdI4q6TVlW8AUXS6UpUHPl-57S_Pm3DFhpr6DNEcA9rzSogFlJN--DrEo8HZ1khWgK-iVQRREgRuz-avBx9MvMHvsTFYYDREWGEa06Qxbo8CQzIOUpqtFnhRQ23WiQKJeiZvIJh4_40G-lmssz8es5oZB8yp44GyBiQ0&key=AIzaSyC8CiBVNeMwe0x7UVQlJ8TUmG7GYjbD_zE
sportsmed_newark-nj_6.jpg,https://maps.googleapis.com/maps/api/place/photo?maxwidth=2048&photo_reference=AZose0mSCWw-gyDNqjhN-xhr7G_IcNszZA2a4eNVSlg_a-8eooqHj4t6YNQ3IV6FuDEYidz68QE7TacLpUj1f9Up3C9MFpuv10RkrV4IVnf50IbbbPwdgYcOlENIQ06CkFKmCVpVY0XiV0PyW5X2eJVkGNAT7w_71apTKumQnZ314CnwsxRf&key=AIzaSyC8CiBVNeMwe0x7UVQlJ8TUmG7GYjbD_zE
sportsmed_newark-nj_7.jpg,https://maps.googleapis.com/maps/api/place/photo?maxwidth=2048&photo_reference=AZose0mI4_o-AmFeScDJJ95FBakxjl2tyILuySnhcpA4ikhCop0zvrEMJKfEbPlNVxgkpYtAuoS-KcUgWIhe4wDt8wTWZ5wj6xZqh0qgfc5yf6lYO08RpGXdXGw_yfNLd8e4BP68_O6QdXd0sYZdRH3T9c1wkozLNNRsBoJSLGiqQoufP8L9&key=AIzaSyC8CiBVNeMwe0x7UVQlJ8TUmG7GYjbD_zE
sportsmed_newark-nj_8.jpg,https://maps.googleapis.com/maps/api/place/photo?maxwidth=2048&photo_reference=AZose0lPiM29rIJl0h4op5P1yloo5IWlNojqjCKELS6s6-q-bup6_L9ozp6sa1cjXwgtCukkTelmifUqLEk651OdGCsis3vTKWGheb0emCFIMblvSELVGxcEKaGyLlQAu7ZgAE28Ctl532miNGCw5wXUO8UKdfeTPBu_pvLGLQg58aa_71Vl&key=AIzaSyC8CiBVNeMwe0x7UVQlJ8TUmG7GYjbD_zE
sportsmed_newark-nj_9.jpg,https://maps.googleapis.com/maps/api/place/photo?maxwidth=2048&photo_reference=AZose0kGqTu3b3y2DxDqR6wjQWlqLp1ncDDkobT6jljjiHNUYjuSQ7erK3zI3sMeDZDUBAGzx5rZPuA4T98WBWE3nh2w7aLzXdYnNEN7glHhlLdkkzbKdFsfHlziDzuOHQmIwozm-8kpujTuskoI0MVmr3papj63JQGRqVn6u9pBKJnJ-Qsw&key=AIzaSyC8CiBVNeMwe0x7UVQlJ8TUmG7GYjbD_zE
sportsmed_newark-nj_10.jpg,https://maps.googleapis.com/maps/api/place/photo?maxwidth=2048&photo_reference=AZose0lai5SAmni9-ilwLMkWnigRTzx3bVE7NAr11nEA9mGjCj3r9gq4DDb3XJdFFG_qQ2JQWRTeXepyT5nDrOyst3dhIphPGSmQokbwfBrCbBEHe8w2wMcaiJTsS0AaQvNUD7dDQhDw3wyDeBpDcZYcspEp-8tzXYnNHZZFIXIiHMoXodwk&key=AIzaSyC8CiBVNeMwe0x7UVQlJ8TUmG7GYjbD_zE
sportsmed_union-nj_1.jpg,https://maps.googleapis.com/maps/api/place/photo?maxwidth=2048&photo_reference=AZose0kYcC6v4bO1FpLvgTVDZ9FXKP-LanLfClU07la0y9zVtgUIDJoeolMSqrO4tnIVVOfnEn1971Km7XINGnWBu5dwHqhFgnMAeIa8YTr1iiWLw6s-iT3zYu0o_KJVlHujc0ImjcRGlfSOiPX4oTU-ZSQ2yOehEtzk5BhNvGkwmGc7Vk5F&key=AIzaSyC8CiBVNeMwe0x7UVQlJ8TUmG7GYjbD_zE
sportsmed_union-nj_2.jpg,https://maps.googleapis.com/maps/api/place/photo?maxwidth=2048&photo_reference=AZose0lSm701ThJbuKmySYpvC-ZpX9Sn2YSqSkD20iFOr628nNuohrcNoZA8TXjH7Zlau8gRLm3EcqeDib5G_ugIgmRMmbgY-VFC67WoXXNWf0BgKn4iwmq41g_kg47W5hkvk1gIPKzaHscMDQen95XHypb7JyunU5bnaE6Ozapgm-TxMinw&key=AIzaSyC8CiBVNeMwe0x7UVQlJ8TUmG7GYjbD_zE
sportsmed_union-nj_3.jpg,https://maps.googleapis.com/maps/api/place/photo?maxwidth=2048&photo_reference=AZose0k6YYSDAAAJoCOe0g-bBDwALYX2Bc667Ss9cFOaQzKrVwfNzuNUDys124zSQg2lxnW6ibAcEQxVAdL6AHGfiUAspuHtY76-eAnnEnKVjxFWUUUv9IpXlTlcJmVVi7TmhFhKomNlAR4Gpmp3paCVtufcmPwUTN-fYSm8ohyodmsPTFtf&key=AIzaSyC8CiBVNeMwe0x7UVQlJ8TUmG7GYjbD_zE
sportsmed_union-nj_4.jpg,https://maps.googleapis.com/maps/api/place/photo?maxwidth=2048&photo_reference=AZose0l_Ee1-qDFKc6bHk_p4jiJNZ7LgbW1sRzbqVsvTz-axF09WuAeFE1uWv0AUkgO0jWKKuYTmM3hoDeCUWdYPK4Jbq0HSpt0rr-_6Fgkw71gz9UUH9Xj8FP5k7xYBHeXIHywozBJ00PzM9sC2syfvDophBQTXyM0pnomL-mYHyBn-dN2X&key=AIzaSyC8CiBVNeMwe0x7UVQlJ8TUmG7GYjbD_zE
sportsmed_union-nj_5.jpg,https://maps.googleapis.com/maps/api/place/photo?maxwidth=2048&photo_reference=AZose0mpXxkBDurCAHF4h7zhbi9rZzEud4Q98OcTAR6hWdtnDm8TP2mQ0RSDS2-4l7QdwuDbWAe_61pY0C72y9Cnppgc3BCSdckQ1RM58yVg2urYT0lC3gMD5dxhvtKtH9dq638kTsdsoCWehKXqtu_Yy2pRjPyvnnxQbS0BUtkhkqLs8aDq&key=AIzaSyC8CiBVNeMwe0x7UVQlJ8TUmG7GYjbD_zE
sportsmed_union-nj_6.jpg,https://maps.googleapis.com/maps/api/place/photo?maxwidth=2048&photo_reference=AZose0m7XgF04rNU91n57jN-iSm3pth1q1bhqwaDI4o7MF5CeTqoUSNpzVKSnX2wn_X_SR_r5bsGlZbRZJsh3zaRhjlV35QCu24C1p3QYPa31qxr2JzZ8WCkMrGVjfZpDr745jqMv6pijaKcIchMTsiUdddgrlA34Yq0kn9PfRLXoQZshrk6&key=AIzaSyC8CiBVNeMwe0x7UVQlJ8TUmG7GYjbD_zE
sportsmed_union-nj_7.jpg,https://maps.googleapis.com/maps/api/place/photo?maxwidth=2048&photo_reference=AZose0mW-5UDNWnOElQhssRvNYaA84GNZA7ICoeUpXMC4uQ_jlZYOzKVKLzmNVQRWBrGQ8J7ZtBFQB7rWCkxl7u-0ohP5KyqtTpYuy93jRZhDHJIXEgA04ATNv8Ezg7A1PgSW7DtmYQQOngmsHIxezezjB-tWfNf8KcxlsdhA73sxwwiOYW7&key=AIzaSyC8CiBVNeMwe0x7UVQlJ8TUmG7GYjbD_zE
sportsmed_union-nj_8.jpg,https://maps.googleapis.com/maps/api/place/photo?maxwidth=2048&photo_reference=AZose0lnJJMCm2HJRIzSzkMj7ZAt91GdIjhtUHh9qkdKgaqCqoXkjB23vBV3EJgeR0vaeFYbLoC3fDtumE6-Ifxm7nbF9--4yUdvwQo2ixS819KVOX-t-ljmY99ifZy18dArG3naDt_IWQt0wre2X-jfaZakdUS0jmFcCXggfx4IaDYhIewX&key=AIzaSyC8CiBVNeMwe0x7UVQlJ8TUmG7GYjbD_zE
sportsmed_union-nj_9.jpg,https://maps.googleapis.com/maps/api/place/photo?maxwidth=2048&photo_reference=AZose0my_MRMVynmUCbDb5k4lp4Si84yz_xjUWAVHLgORNT-nYKtAKfZw_IIu4K3Gxz1-ZOrJHsp-cNS_hFV3SUC-Xm4GKxBA6iZLp4f67jb78gz6l2udeNnEZlwdYZqBQtB2Om5qNXGAOnwxPLwgE0MM4o94bZSZMze_ST73FyYC33KETSu&key=AIzaSyC8CiBVNeMwe0x7UVQlJ8TUmG7GYjbD_zE
sportsmed_union-nj_10.jpg,https://maps.googleapis.com/maps/api/place/photo?maxwidth=2048&photo_reference=AZose0k7WyLqIfHcVdNEbzpTfP1tAowDWbNHEcLzfB1QQ1A4trsU4TQ2PXBwzq_JGl3d5ZI5EUBtNtlnlidpndrnxbCqNyjnO7YYzPvwL01UCjXRok8-XWPejCPVacv9IW3bFg_rIb2xXFbRZ9QR8Rurkc-4FDMomqpF39FNyBopshcoLUIq&key=AIzaSyC8CiBVNeMwe0x7UVQlJ8TUmG7GYjbD_zE
sportsmed_woodbridge-nj_1.jpg,https://maps.googleapis.com/maps/api/place/photo?maxwidth=2048&photo_reference=AZose0nUIMl3Y4qTAVsuRlzXWp6kXgQ1IEBY-wnfzDpqLxPX-9CSgOasrzbMuxaHE00vSxnQtuJ6JbxCgASURaYoZF-SfZLxHsK_BmIsDvTRm4bTOXqybMwejWbRtyyTH6vYyWrKyI8kjdOIUiTiliyebcvjPFyROpQLNgHD3kW6zxv8Lwq4&key=AIzaSyC8CiBVNeMwe0x7UVQlJ8TUmG7GYjbD_zE
sportsmed_woodbridge-nj_2.jpg,https://maps.googleapis.com/maps/api/place/photo?maxwidth=2048&photo_reference=AZose0l_n1W5fFtIqvZsnOSq_aqcPKszk_QRIZN0D1ZKopUKdGzdp5kmkemYPxA4hwD_xB0-yKPboaq-X7o2B2byu1EY8hSxyaisyA8pZuZQZDVXcoxwbVGm4FlcEo0iJ2qA1HrlerVYA9765T3h2QQmkHlztP-SCHnCFcMLU-7-aGYJ7O8O&key=AIzaSyC8CiBVNeMwe0x7UVQlJ8TUmG7GYjbD_zE
sportsmed_woodbridge-nj_3.jpg,https://maps.googleapis.com/maps/api/place/photo?maxwidth=2048&photo_reference=AZose0l5_-l2Nnun-VsJgQLrTNK8r_aENIYjhfKNUqHgGn4gD4dbAmBI7Mbjf1WfLGKTZEx-92qZqn-wsrA2La9l6sDxUeAnLBm3so-wSGwnw2DXxb53_LoPhmMOYJHqBkwKX7UYkc8hX4Lhpi07ZEn37ARUY_hfDcFE34QDLsa2R-V60dcO&key=AIzaSyC8CiBVNeMwe0x7UVQlJ8TUmG7GYjbD_zE
sportsmed_woodbridge-nj_4.jpg,https://maps.googleapis.com/maps/api/place/photo?maxwidth=2048&photo_reference=AZose0nMddPVarU91eFugotnwy7nbSyQg_Nw2Q8BfupcuUSEwS9XZ5lOTvVXuY3LDx4djfgcnaJftQIjcM-ZIGj6nC0F8lZ86Dwf9SPGg7T2qBvIzo0X02wIgkOYZ4fXdLF6eumikzDT01nVXL8bxnIqAe8QiOmkwEceiN4exv7VPYvAg_l0&key=AIzaSyC8CiBVNeMwe0x7UVQlJ8TUmG7GYjbD_zE
sportsmed_woodbridge-nj_5.jpg,https://maps.googleapis.com/maps/api/place/photo?maxwidth=2048&photo_reference=AZose0ljHPhz4Tsrb6geX3RtB8j5Xux3J8BjdYCfZKAo5JyRvcr4Vk0SgzQLqWJ7X0xtdZI-N7FJd7DPae4v2loHOB84sK9j4pz1jpdhwTKDpyqSrCPrTffYQVFg42yXwDHQ3P6wJnm1uYOpdNyU4rdQnFZ3mv_vse3DE89W2PTbJkIxdBac&key=AIzaSyC8CiBVNeMwe0x7UVQlJ8TUmG7GYjbD_zE
sportsmed_woodbridge-nj_6.jpg,https://maps.googleapis.com/maps/api/place/photo?maxwidth=2048&photo_reference=AZose0kofayIM7ZDK97lRRd4hHTt1cExn6vyW9huQJ7EsHD999XyS53dZiB-mUkVVXfdTAkp6dSXhPUPQYYQao6VxHzarDZvCM30si-6pGuKlwtSC8aGMGPK2hV09lQiV7w-VGQ6mxUjzLykyNDhJaEd982SdFoyMGnOZAgCIJYudSp3FvKh&key=AIzaSyC8CiBVNeMwe0x7UVQlJ8TUmG7GYjbD_zE
sportsmed_woodbridge-nj_7.jpg,https://maps.googleapis.com/maps/api/place/photo?maxwidth=2048&photo_reference=AZose0lmkFuWRwOirC7Eof778itIisQHBcR-xsme9H0khRpxt0-f2QtOZlS6PMIoeX-37Y9iLkTBEkK57rmuSnX1EgReR2yvz4VjTOz21zPXUTez5dlTl_4KvIV9NFtLLC1fY3LfxqoBBLN0CjacFaRD9LIFsYDTYDjWR-TGzrq8I9NJfpBl&key=AIzaSyC8CiBVNeMwe0x7UVQlJ8TUmG7GYjbD_zE
sportsmed_woodbridge-nj_8.jpg,https://maps.googleapis.com/maps/api/place/photo?maxwidth=2048&photo_reference=AZose0lqSXJA9mFJUEJ_U1pDl2L7mfbqlUW7NVYlqt99PvwSirKaKSulniOpkmvxuSmNwxJ3tHl09QZMVStBk_RzU_hkc7fcZPaAYP5z51SIJS2QjqXZuOei_ZkKTLPT13pnjZW1wrGFRotjCtOiK2r4fN7oza8OrDowxSLi3dNY1hNDIVYh&key=AIzaSyC8CiBVNeMwe0x7UVQlJ8TUmG7GYjbD_zE
sportsmed_paterson-nj_1.jpg,https://maps.googleapis.com/maps/api/place/photo?maxwidth=2048&photo_reference=AZose0nFWBjjmWVHdtivS7Upj8xRwI3qYopUjMtaVEHMzVdBGIndDPQwBQ11T-LlIm19gPF-qHkdQTvidDUxEtQz-As03_-fTRRD3OfEuqMxSQLeojFDUumXZx5UW1RwcvXb2VSwVg6CP9vWpIUtb_iwdiOMU-fq11eIrPQmY17-Xg0zXLqP&key=AIzaSyC8CiBVNeMwe0x7UVQlJ8TUmG7GYjbD_zE
sportsmed_paterson-nj_2.jpg,https://maps.googleapis.com/maps/api/place/photo?maxwidth=2048&photo_reference=AZose0naFfqSX88d_nN9jgJv5YMfEYUIbIcv0CdC8R2HZaAaRa9fSQmARQv5NHJ_zEgOvY678nlNWXwbTTJoDAiAy9JPbrJhu95vV1SpHPk0tZoJPf2Ogwy4rbH6hYI_DnGdELhD7cMOFgyr0PpUFiTx3h0ecdbUkBsONKVo3RkN93JemfiE&key=AIzaSyC8CiBVNeMwe0x7UVQlJ8TUmG7GYjbD_zE
sportsmed_paterson-nj_3.jpg,https://maps.googleapis.com/maps/api/place/photo?maxwidth=2048&photo_reference=AZose0lKVy2iJQtF9TkCL7kwrgfy4flQxsEudjElWMDx2x0sEBsq70-pOLq7LgvhgwdrqaCB2gfXC55qebp34b7aV5JgUcDRUCh5IxOhGMN463d_eeorTQ3DdYKTrq59wpIXRpy6HaXP1P7EO_s_BqnzGG9OMmcaT9Qlqd5c-ivtHDVdM_Cg&key=AIzaSyC8CiBVNeMwe0x7UVQlJ8TUmG7GYjbD_zE
sportsmed_paterson-nj_4.jpg,https://maps.googleapis.com/maps/api/place/photo?maxwidth=2048&photo_reference=AZose0luVKJEybJx1e9eeTTeAIflWQktvPk7awOJr-_AHd3DEaz-m10fYZtTXcqfUGsXFqs70w5wanDBJsw1OW8yAAQBSikVv5knlU6llkswzpLf9BK53vQb49v3D8wX4BDeHHmCZhSVTDI1mYDwtpXi-DxjTefbvs8ay-ZktZjLD9kxv645&key=AIzaSyC8CiBVNeMwe0x7UVQlJ8TUmG7GYjbD_zE
sportsmed_paterson-nj_5.jpg,https://maps.googleapis.com/maps/api/place/photo?maxwidth=2048&photo_reference=AZose0na72kbZ-z4MO6sok8sCmJTno-eTEQ_ly2uPjn2N7R2PS5Hv-IYGcdaGRl4tNgdHs_MxzQ3NBcijZiFkbgl8OJ660NC6CZQ0JHNO58eAcx3C7OyGy-JtGdfPSX6yF-414Rn9M2HNJlLKHTTxvEWrcdMXBbogWDzkHFxZQfCuZyQPt5-&key=AIzaSyC8CiBVNeMwe0x7UVQlJ8TUmG7GYjbD_zE
sportsmed_paterson-nj_6.jpg,https://maps.googleapis.com/maps/api/place/photo?maxwidth=2048&photo_reference=AZose0li1b1WC1iTTiIkwoRcLs2xSW_FptGHQ9BTd72R6EA5CQVy80M304kedwBued9h4rvCE5CUnWTj8jJrK_qE6z9c7E2tScBh8GRFeQo5s9cZx4ipsPrXQvjKv1uxJ6uSGc_K9ZdS_o-m6YR7fl2AEIanuE8Z7CtzOiI4us_CXIg8nl-q&key=AIzaSyC8CiBVNeMwe0x7UVQlJ8TUmG7GYjbD_zE
sportsmed_lyndhurst-nj_1.jpg,https://maps.googleapis.com/maps/api/place/photo?maxwidth=2048&photo_reference=AZose0n6khfyDUCx8wMs-vlCH6gFXvhGx1X4G3ma8JiiJ76M2d861dH05EFwQV2PCRyqq4iieldtXkv_6sqbjzo3x5T3vWmHdL5V_lfZZhJzZ9pun4N7Jb3MHqzvMNmIHzIYkGIA9cPq1BIv9DxKINP8zAtKW1iqu9PlwyRil3rfq3d6bYk&key=AIzaSyC8CiBVNeMwe0x7UVQlJ8TUmG7GYjbD_zE
sportsmed_lyndhurst-nj_2.jpg,https://maps.googleapis.com/maps/api/place/photo?maxwidth=2048&photo_reference=AZose0m0DuSwmAhydt3AnD6HUxQHMEAPyq9t9ukAgSTncBgOm7ZVlawluCmV4KNggUgZ4MiwGK5e9S-p7KAMQCAjV2Z4AG2Qm0OBIAN0RlNADPfPAWCtKKYUuP-o2LFnDu3wPQGs4I_tXaE5VjeUanm3_H5Uz7AWEgNxdnuKlrirIechiv0&key=AIzaSyC8CiBVNeMwe0x7UVQlJ8TUmG7GYjbD_zE
sportsmed_lyndhurst-nj_3.jpg,https://maps.googleapis.com/maps/api/place/photo?maxwidth=2048&photo_reference=AZose0nkdZxokUtRlZLcSQnP5r4tIuryPUvQp-MpkJJvuV0XnzO2xouncJdyJgpHX9CAxanWW_wdupUgIWhqmgNeZ6xzq_rAeN2zdOP3TZYxvAEIFM891Ln_K88kNFi8oH-m1yM29lAtBNuVB01n45WHDiznF1WohR4bEnDadNEdE6VbdjU&key=AIzaSyC8CiBVNeMwe0x7UVQlJ8TUmG7GYjbD_zE
sportsmed_lyndhurst-nj_4.jpg,https://maps.googleapis.com/maps/api/place/photo?maxwidth=2048&photo_reference=AZose0kjvTVfsxHQT-1ieDcJFyG3YslNMhtSOTceRXs8IPHMNwkqo5gU285fPOLoYbbJFERpVkpRtURshYeNlSjVVS0SI4cX5WsvFy1g9GqU4-0rUNVvkZ0TuYi5bHNVxPKTOLSIFt8poA__WiBpa55S94bZaPLrftjnKRArWZ-XyZZu32w&key=AIzaSyC8CiBVNeMwe0x7UVQlJ8TUmG7GYjbD_zE
sportsmed_lyndhurst-nj_5.jpg,https://maps.googleapis.com/maps/api/place/photo?maxwidth=2048&photo_reference=AZose0l3vIjjLngQmBxgiGFamuA8GaYsPJ8XLR7RoHJ9PRxbJ-TfuHh_ZoFGR6dGGt5UdL4VPNCMqa9nySrTz6SQRxrEpH__kJjnJMEE-UU-SYlEUaAftIl8uWkwjD7xM06pixfAeVvR6YYL2DuJvHvX2prhZLaKwGkbY1UFvcHLtVJMXCw&key=AIzaSyC8CiBVNeMwe0x7UVQlJ8TUmG7GYjbD_zE
sportsmed_lyndhurst-nj_6.jpg,https://maps.googleapis.com/maps/api/place/photo?maxwidth=2048&photo_reference=AZose0lXswo6zu6rXLL__Afi5R-BkPBrGgcsAWE6VURT0PksqXzSgMweSqDxCVZHaSl7Nly1xa2oJqmaLnT9XsJyrk3ltej0wUir-UTkIzYleoS4RQDpM-7mYo831FwCDyAtpCTitCaTOTDbNeYE6KK9GCEFo_tAHkT_bfufs9rfLmXJJfo&key=AIzaSyC8CiBVNeMwe0x7UVQlJ8TUmG7GYjbD_zE
sportsmed_lyndhurst-nj_7.jpg,https://maps.googleapis.com/maps/api/place/photo?maxwidth=2048&photo_reference=AZose0kYrSQ4oeN6udPVripJk4Zwj_JEzsRHV9skMkcJ8SLmMj58PLRxoYsw5bfTKuP_JMxGfT6u-B-XtBel8LttP7ny1DQH4lPVdr1yOjapqMVXCVxG1PITUpIlMsx7KuqQ3etmP0tsES1bV_38pbW1Hte4Q39JGKghM3MaMLwPGnHIdkI&key=AIzaSyC8CiBVNeMwe0x7UVQlJ8TUmG7GYjbD_zE
sportsmed_lyndhurst-nj_8.jpg,https://maps.googleapis.com/maps/api/place/photo?maxwidth=2048&photo_reference=AZose0lY2c284szdf7EfJuxWRdqD4X5N21tn2qpuE3wKUkQJ22RqJmAX85PZUD--Agj9H7fivdR-PlLOgHB4xy_0G-juLrl4x77V73XVTlkeicu38aFiw8kmAg2WrRDdiF_OP6GTT7uQ1qZh-U_4Feg2ut4XskANP_JCZkyK01A9OzlNGbA&key=AIzaSyC8CiBVNeMwe0x7UVQlJ8TUmG7GYjbD_zE
sportsmed_lyndhurst-nj_9.jpg,https://maps.googleapis.com/maps/api/place/photo?maxwidth=2048&photo_reference=AZose0nhLBhG-dMnrJblqlU-OUDLWvUMsKreG2EF_CMSkbx7rVNAxGMMe8P-cnji6bieCl0Ut9O1Xxi-_CjcBswoB8gVaNyTncEt62eWLOGngTKMc8PVaXyvn3GsHDUDYoiaig_nd8vKvT3dngVnWUuupFccLPR7fVALKpO9FchAPerKiJ0x&key=AIzaSyC8CiBVNeMwe0x7UVQlJ8TUmG7GYjbD_zE
sportsmed_lyndhurst-nj_10.jpg,https://maps.googleapis.com/maps/api/place/photo?maxwidth=2048&photo_reference=AZose0moFDZ8O0uzIuUMf0ZN7FOyzBVKe-DGqUI79Lqu8Re6zvOBM_9EBwAdnVLPXFEQ0WzW3O7GM4FlSgkrwlcMdRCG8AiRHQRBoQC9WkX0Ae6IPegVnnn2yhJkyoJSP4bYsfzzzI8ekhWUk3BQicQ3ju3NQ5dhScB58CngKdCk_ah7EUUH&key=AIzaSyC8CiBVNeMwe0x7UVQlJ8TUmG7GYjbD_zE
sportsmed_montclair-nj_1.jpg,https://maps.googleapis.com/maps/api/place/photo?maxwidth=2048&photo_reference=AZose0kUNkDdoioNeNdY6GGs6dB1DMysOFg3K0FTWhbVtI8fgzX3vKTJfqAHv2LvubMPDviI2IjsjDc1EnT6TxtQtLHu7RIYs6kcw7YSLyFIXCrCIkjvbsrHO1VQSbyqmZ_py-5nDo2_QbUjj6UeHtQZPWVmTi7bP2T8iCVoIrsKgVFL0yE&key=AIzaSyC8CiBVNeMwe0x7UVQlJ8TUmG7GYjbD_zE
sportsmed_montclair-nj_2.jpg,https://maps.googleapis.com/maps/api/place/photo?maxwidth=2048&photo_reference=AZose0kn41x6iDSLEdHqjOscNhDS_ueXeOyR1s6m9I2LL2N7wLbccI8qtXXIxRjyKnevYob7xTS9yniGKd730pm1bnspV2UxmciqiPui6Ip-Ufl7LU0qclyeNJaTR6ggCma_m0DaNzkm14ydgO4jMhpN2r480P-O6gQSLO5k8RZ5WYQgk5o&key=AIzaSyC8CiBVNeMwe0x7UVQlJ8TUmG7GYjbD_zE
sportsmed_montclair-nj_3.jpg,https://maps.googleapis.com/maps/api/place/photo?maxwidth=2048&photo_reference=AZose0lm87vqv9bmuJIauFd-XMLF6i-nbnC_IQukqVbt_I6_EeP1ZrPE9IkoVWddp9WLiRWlewGgACnes6FhQHQ0Ggf8OX2O36ZWwxgYghHRcafLI4zGqT5IHTqYuA4EyoDKuNYKdHCKWoA2dlur1aHoEW7F6NUMGHniIjJ95-bIGuIiBn4&key=AIzaSyC8CiBVNeMwe0x7UVQlJ8TUmG7GYjbD_zE
sportsmed_montclair-nj_4.jpg,https://maps.googleapis.com/maps/api/place/photo?maxwidth=2048&photo_reference=AZose0kf9OUGOYUKQSi1v6U-5j-IlCZa5ZNRjwHtLvIlVBen197DEw24Y8suyAziv2yN_RVq8-q7RgkmUvYXhwfpxhB6guz-UMBWIEu2d0LJPtA7DPVLwA8ZmCaceS4qECI2FvhrtoK2PQKRrwybkYu4GLdySp0xPFOv5tpuIxraeqwKCP0&key=AIzaSyC8CiBVNeMwe0x7UVQlJ8TUmG7GYjbD_zE
sportsmed_montclair-nj_5.jpg,https://maps.googleapis.com/maps/api/place/photo?maxwidth=2048&photo_reference=AZose0l5A8b67jC3n046kMRMozf05PDcLyPtPpE1PGDFs47pI7cls47an1sDb9sXArO17h08oKSU0uaVKfPxv0HbfOmpeyMBcHhSlAEanId0wK-ot0__tWPrbxxbeg9_mwsMT3BaJbgJGoopvX6quWHd27H8GjoXAqzxW6bLfmEJ_Cjrei4&key=AIzaSyC8CiBVNeMwe0x7UVQlJ8TUmG7GYjbD_zE
sportsmed_montclair-nj_6.jpg,https://maps.googleapis.com/maps/api/place/photo?maxwidth=2048&photo_reference=AZose0l3eDZZjPStzQXYr5cp3Wp68MGtiStKGyyeA0z9NcIpDuRPm1a2N2PuG3F6W8RLENzqxJ-6ZFKtzZwvxNZLvlmJG1R-AQoaK6p3huINB0P41Xz8aGlQXyqP7kNMsHXRgKA5d_6xsjTYp1Ws3RAkvmDc3QhGxLP_28rcVHkCNQiFS8Y&key=AIzaSyC8CiBVNeMwe0x7UVQlJ8TUmG7GYjbD_zE
sportsmed_montclair-nj_7.jpg,https://maps.googleapis.com/maps/api/place/photo?maxwidth=2048&photo_reference=AZose0lFTp58m4QG8fddcubhvTayA_S-PtURSG4NDmQ6RhZjb1q0gbbQ1tke3CNeBfbxYMIrsTI-xL7raX13-nZavtXIofaS1lKk2i4DL8UI5W_cz5WgWxDDRVcwlidhZvqK-9RlZX3hLrSnb3xCD_gEN9MEKS9y-2YdWkR_T10n71N-xII&key=AIzaSyC8CiBVNeMwe0x7UVQlJ8TUmG7GYjbD_zE
sportsmed_montclair-nj_8.jpg,https://maps.googleapis.com/maps/api/place/photo?maxwidth=2048&photo_reference=AZose0nmYkQCJM_6lXCs8zJPYVLX5TqYWid5KE0WjD86I3zdpNoZrr8GKSjmnU5DFo8O5dtEjWW7n4NBiMPAmbW0VGqWuOSDSSzICuCjGx1eq51DaHsVaB9F4FIfIPE8g9zZt6LJ5c4ujLrxx_HRXCb7-EXnHiuLvJ3JkP_ofD0rDklsBWY&key=AIzaSyC8CiBVNeMwe0x7UVQlJ8TUmG7GYjbD_zE
sportsmed_montclair-nj_9.jpg,https://maps.googleapis.com/maps/api/place/photo?maxwidth=2048&photo_reference=AZose0mpk0TecOd5U1dl5yrbjLx4ZT4FZosCBKKvig-LmHncpMGSYFMOt6uKb9KBOEUsl-keYjx3WMiuWOMzURpnX0lmK4LAn3KW-kRXh4jR2ua3Zr5NFtUD0WectxXa9rWKMQZcpsqafIWDtf-_fWT_FceiOBgYIMsX6wKV7BKYm9dJtJ8&key=AIzaSyC8CiBVNeMwe0x7UVQlJ8TUmG7GYjbD_zE
sportsmed_montclair-nj_10.jpg,https://maps.googleapis.com/maps/api/place/photo?maxwidth=2048&photo_reference=AZose0nE7aXXziGq5A0bw18dG0PLo2Q6THJhmmrSveiH83CNOrgcoEecFn0BLV_mZx9hIEWnGECBePJNchQUZcVwNG-h8pMIVe5Ak7VzcYJtlHr2Q5u2oaBvMtFS61V4Lq3XBeCTstV8BFxeMB4Yk2YVB-RTMMmFgSifA0u7X8p_fbZ_p_g&key=AIzaSyC8CiBVNeMwe0x7UVQlJ8TUmG7GYjbD_zE
sportsmed_jersey-city-nj_1.jpg,https://maps.googleapis.com/maps/api/place/photo?maxwidth=2048&photo_reference=AZose0kS5VpNP9RHfivNHa3dsjuQtTQEcgX-PrUFpZMGJJIVcVjNSnJdRf6HcTlRhVBx9F_mYOCV4fMDVMyTcLlFAGT8saqWQyIeCJ9bZjr72gFiD4pa0jNGZLeinbgHYuHgY-v9TLzsg7eNlOJw57GOD1yMwq8GlfdNJ0ni5DJQFuqqnCVT&key=AIzaSyC8CiBVNeMwe0x7UVQlJ8TUmG7GYjbD_zE
sportsmed_jersey-city-nj_2.jpg,https://maps.googleapis.com/maps/api/place/photo?maxwidth=2048&photo_reference=AZose0mxVQViNxbTWYk4QATTJe1Dq3VmYKqM9kDABlF-dZXLAhfhNtdh9TrmJZ3fVz52_s63q2ZlKmDpXehwshplaBBdHOcn3PxZU8mffgT2-GnBIMxF1pnfVRwZZ49XAvFrn4l-q-UfHlyxpHvBv7qIZ59YbMXJOpGJjU4D83HSpf3rDbjt&key=AIzaSyC8CiBVNeMwe0x7UVQlJ8TUmG7GYjbD_zE
sportsmed_jersey-city-nj_3.jpg,https://maps.googleapis.com/maps/api/place/photo?maxwidth=2048&photo_reference=AZose0mwobhCB7mCknaCpp6NRDFQOAcQOGem8OeKXuPT07is9GKTiV5yFmqfJF3wSb66nedTYEQN1fAK_LL4mDAFEiUYj7ZSLIYvFE3v9rHYWsHfIPhUrHd0Ab7KUkQgcZbaUXpmiZTeJptYCIrleOziF4hLQvTWw-ayuqTk68H6HDiJYU3y&key=AIzaSyC8CiBVNeMwe0x7UVQlJ8TUmG7GYjbD_zE
sportsmed_jersey-city-nj_4.jpg,https://maps.googleapis.com/maps/api/place/photo?maxwidth=2048&photo_reference=AZose0nPG21m2mfQlKyPTexL89faqY1-CMEJ8Ph_aEmsz6m4othbVsb2PDXE5pZH78nGM6W-0dYTpRGp5cze63YUSdeGlxpH7ch3ZH8ZxCVNSccbsSoZqy_72-2JDTaGId-dRNekFnTf8AcBgVT-Ucau42D8EvllWIp_gl7IBnlv9Mb42J-x&key=AIzaSyC8CiBVNeMwe0x7UVQlJ8TUmG7GYjbD_zE
sportsmed_jersey-city-nj_5.jpg,https://maps.googleapis.com/maps/api/place/photo?maxwidth=2048&photo_reference=AZose0koDxMsVU55vSvpKi_sUvmh-neA8maioD8K6PvO39vPXFQc2oPNy3CN9e0990HINNH41FTmWiAhR2mGHi0lKgZGpuha5uycfWaZMWtwISH2mHjQDZ57kJVTPM6zkLvLQCVtaoBVmMOAf9B4fTgJKran4GZ3G9GUcVbgglquC64ZJiyI&key=AIzaSyC8CiBVNeMwe0x7UVQlJ8TUmG7GYjbD_zE
sportsmed_jersey-city-nj_6.jpg,https://maps.googleapis.com/maps/api/place/photo?maxwidth=2048&photo_reference=AZose0kVaXLg3x27Q1DP3_lubhecHVySkQFaksb6UxdooDaGfD9TJnlQkmCHqSNaBDosr9BAcYOnfs-gm7wXYI7HY0BAYDwEOa-W1pblGcgHJeRu2R5uWFAHSCyKi8RfAVRwnlD3QtYbrWAsFJOc6KC9Ik0x2oh5VL7AO6rLMj0OV0HSNiuo&key=AIzaSyC8CiBVNeMwe0x7UVQlJ8TUmG7GYjbD_zE
sportsmed_jersey-city-nj_7.jpg,https://maps.googleapis.com/maps/api/place/photo?maxwidth=2048&photo_reference=AZose0ln5IkTE_jvlqDTg-2l70a3Eil6J7fx-rQOUvpeiqFOJgrHO-yJggOGv7kb9KhdYLzXNErmYsc1os7KH_ObA0QFG5oZ6yrPxZTNsCQcM4wGiMDMBawsv1Q_ZEoxUGLaUB2v30-eGNs4HSYzBgr5iOHmGVutAiW6by02jRRlPWPfkuo_&key=AIzaSyC8CiBVNeMwe0x7UVQlJ8TUmG7GYjbD_zE
sportsmed_jersey-city-nj_8.jpg,https://maps.googleapis.com/maps/api/place/photo?maxwidth=2048&photo_reference=AZose0mlhQpG4vznYvWXGzi_4v76gcYMKV3hklNuAkeEPzKHBfsLkQYZ8ddksHnLKh-Dsgot3Moqa7_1q4pQGSROATFrtpS5FCULotuYyKOssOR1QbOd9DsmpxRWPy_MYtrhM2UVVwDUPhk8Ak5y3oNso2WIO9nKNiXT1CAFBRYvi4T5tNkP&key=AIzaSyC8CiBVNeMwe0x7UVQlJ8TUmG7GYjbD_zE
sportsmed_jersey-city-nj_9.jpg,https://maps.googleapis.com/maps/api/place/photo?maxwidth=2048&photo_reference=AZose0n-i1Y_SSh5hAxLjjhuACoij6w6_pcNecAYrH9beehGwKSM4xvg8SteVDQU1yWSCnLc9JbaOXB05bvjyJ6L9PcNr7ILhufETzzo4eHgp3phhtvPgmE4b3bjxbskQkrMZqaqDTq4mcL-WPZggJUZFJn8lZDT2rxq63WqBiD7MeWL47ZN&key=AIzaSyC8CiBVNeMwe0x7UVQlJ8TUmG7GYjbD_zE
sportsmed_jersey-city-nj_10.jpg,https://maps.googleapis.com/maps/api/place/photo?maxwidth=2048&photo_reference=AZose0nQRkqcWriTciiP66oLmsTauKSJbiiwX6CCT2Nwut_2w9vcc1ZsNb6QvYHxpCoSeeMSTihP3_cO1AHKlOh_Y3kz2HAlPSycpD4itSvXqQNHXsFrUIwAx3lRz4_hPJUUTLmdOuYw-WeZVdmaFh260pDPSSliYEY3TOM06YRa8F8-6Obz&key=AIzaSyC8CiBVNeMwe0x7UVQlJ8TUmG7GYjbD_zE
sportsmed_union-city-nj_1.jpg,https://maps.googleapis.com/maps/api/place/photo?maxwidth=2048&photo_reference=AZose0nWFHEl1LcddjQM7TxGjpZFbLCwCatmzkhdRT3x0QRnKNTyCTCsnvQpuA8ZotgNzQJh4Xy29F2Xjs1TD2KkihHDE9ciwAocWXnbzIX0fo0zVZ6cs7Qkcfhvu29Ak9K61SgCI-H2TknD7XtuHlKt3zxaa07CDwdQQnZzfN7tp7I6aBB_&key=AIzaSyC8CiBVNeMwe0x7UVQlJ8TUmG7GYjbD_zE
sportsmed_union-city-nj_2.jpg,https://maps.googleapis.com/maps/api/place/photo?maxwidth=2048&photo_reference=AZose0koWmoNr53vRR9MyNbQj83ApR8ay9tQ9bGGqBc_BkGOXgORapI_oMcOQGCMsOGCsxIa-0ULTDwtZiNN9tDPaunsG8a_yXR_PYS3zhOgynO01PoI4Qvs_P626HdF3njCl8PuQ-tPukNX86wn-qu52Sa0UxIswswwt4Bv6OoNYl97KlbZ&key=AIzaSyC8CiBVNeMwe0x7UVQlJ8TUmG7GYjbD_zE
sportsmed_union-city-nj_3.jpg,https://maps.googleapis.com/maps/api/place/photo?maxwidth=2048&photo_reference=AZose0mrZbTo957DqJfkBRxDKYZMmc9LI4bNb7sMVQuG2pN3FS5dGz4LfffP7lXNkAKtv4PWDOLI8_oiQL6pGzdBKO_y5cgfTZ-aaqBh5RFw1OQugyTdWG_6QxYvWcjLVlpICpev2EJGkUGsngB7GMabXUm-XfplOh0ycKwiLgTT_KWwAdI9&key=AIzaSyC8CiBVNeMwe0x7UVQlJ8TUmG7GYjbD_zE
sportsmed_union-city-nj_4.jpg,https://maps.googleapis.com/maps/api/place/photo?maxwidth=2048&photo_reference=AZose0kFcz3SrmBvaeWCJCv81qNrPD4UDggGR8wdimwJI39o0VWGA_ABbNMdF09ynzsRuSFytgTMR130qI0Zz_zjEV2c1l-EfGW-00J0XPejsIVJdkZD1HM-nPqt_l49sULDLSvvfNHwlEX1cP3LORRKY8-qXp_tmYnCY54A1z727bEMBO8K&key=AIzaSyC8CiBVNeMwe0x7UVQlJ8TUmG7GYjbD_zE
sportsmed_union-city-nj_5.jpg,https://maps.googleapis.com/maps/api/place/photo?maxwidth=2048&photo_reference=AZose0kHMyKgb-R6XdhHADCy6WNaq-3bXlQnRV1dLm6p-HxpPo8Y9vwgUyYowkOvjiwTQhlS3IzRhNQrSfg--Yz9InyzeBZ6v6rxuGLjpvSESU_MX02kEz8samAroLf0K2KWzvtHJiTnM90YlDGfCg2uQbR8CBhkpuZV8rgZuhGDnwhJ_CUD&key=AIzaSyC8CiBVNeMwe0x7UVQlJ8TUmG7GYjbD_zE
sportsmed_union-city-nj_6.jpg,https://maps.googleapis.com/maps/api/place/photo?maxwidth=2048&photo_reference=AZose0kYwJ24tcnA9AvJDZY2nc9cB9vNaBEHbubWFD7w8BY_5enkCFQYalQXMkcQZ2xT-CROEjxEE7ivb70iu9qKD58casSA4ydr753lWb_ZVuyqoMIfVus5gHRbRnx1hElygvNaZwsGP-Fgah9eHzwKUdkeGVWlF6V8J-BTjU7GKNzjJhzR&key=AIzaSyC8CiBVNeMwe0x7UVQlJ8TUmG7GYjbD_zE
sportsmed_union-city-nj_7.jpg,https://maps.googleapis.com/maps/api/place/photo?maxwidth=2048&photo_reference=AZose0kmew_BvghkDeUquxq1wJUQpfQaHn7TvcbomNiV94daaayvkvirKJgeIqHayQyUm9jeM1tSC7-eh07QCAgRuBVZD8REi7XFkGVbFeDxXOANj8khA5I6_qxmAyHXaIniPPRjazjdq5l7JwOeyZ9Xa1eEbSc01wmBVg6M5tUOnGaxWnDR&key=AIzaSyC8CiBVNeMwe0x7UVQlJ8TUmG7GYjbD_zE
sportsmed_union-city-nj_8.jpg,https://maps.googleapis.com/maps/api/place/photo?maxwidth=2048&photo_reference=AZose0mf3bccV4wc0q-lrIFlPh7ckyE3fym1mZq3xOq9qPUltVmz-SpCk1MbOKLMXtNmvwYpXUJiRWRbPNSF9H8ePNUIhslbpy4d_vdVAyWWZwtKC_gDtWBF5JMK3Ag7wXEK1K4mlETEQGdaq51d5SjlKosHluDZpgrB0ktnIdeiPX38i-Mu&key=AIzaSyC8CiBVNeMwe0x7UVQlJ8TUmG7GYjbD_zE
sportsmed_union-city-nj_9.jpg,https://maps.googleapis.com/maps/api/place/photo?maxwidth=2048&photo_reference=AZose0mIdOxS7sFHUb8ReKJQZTtBWWMBhvInfIuuvycw6XHFni5zDZqlvkiPYt1iUc7wNheNMPrP5_5i1Os17ax5rd7s5zrlX623FhO4ahZ3HnlfTbCtJyXt_yI87eobVuGquyjJNNI9BUukExodK6_rwLKTzc-cRxpV-UEwz_VKVvxtKGH5&key=AIzaSyC8CiBVNeMwe0x7UVQlJ8TUmG7GYjbD_zE
sportsmed_union-city-nj_10.jpg,https://maps.googleapis.com/maps/api/place/photo?maxwidth=2048&photo_reference=AZose0mNCZSKz_AzfgAMudaFK0v3Qq5MB9tNiIZCyy0-bdr2Rm_v8Cj00ZesvUnFtXws9Wx4LTjD_8kEhYhizeQtvealW1RRBPO3B0u9EV8MytjAe0MLGsKFaqqE7hUO5iBkt997JRCu2bKvU2zjDh-GF_9WAo0sUAs3AICfiO9vH-5Nm6pm&key=AIzaSyC8CiBVNeMwe0x7UVQlJ8TUmG7GYjbD_zE
sportsmed_clifton-nj_1.jpg,https://maps.googleapis.com/maps/api/place/photo?maxwidth=2048&photo_reference=AZose0nfgpOuQT-kUO9WiNKjVB-0Ewf55KpcR8LPWfn1iWaAcx5uSMtUdh6l2Sj22xt8TDhOAc55NGjspsxPBW1O2UFpHm-Xk7LFafANMP9DWjPV2aufS3lC9xJFP1c4fuJCW1qFN2dBzzDlszqtw_jqC8j7EG80jZq9M1Av4hozMUC9-im0&key=AIzaSyC8CiBVNeMwe0x7UVQlJ8TUmG7GYjbD_zE
sportsmed_clifton-nj_2.jpg,https://maps.googleapis.com/maps/api/place/photo?maxwidth=2048&photo_reference=AZose0nz1U1IWnd1NQ7tygl6gK1u3WSxs283Sw0FfkIkpx0eG2Dh53j7aGz6JPhx6V3hMmQZDaPYG0_jpLtdwKhUxCdGCMapdEystjPQmc2oPHb7N89rjzcZNkk-T0iJudsdPyjpBsadbhp1w5psOOrjEteCpa1skQfkDsClzf7yjBpGrGwR&key=AIzaSyC8CiBVNeMwe0x7UVQlJ8TUmG7GYjbD_zE
sportsmed_clifton-nj_3.jpg,https://maps.googleapis.com/maps/api/place/photo?maxwidth=2048&photo_reference=AZose0luwgFTf49FmEZzuGikRpnXg0OFdpdZ1uMV01jwZmbhf5ALCa9yQTxest729FDQY9eKCyb_0yVcYIa0Tz2Yp9fraXCPCpz_bbQ-EIEHHsCD02YUzlWCERRXbvZQny9unotvHH-mPJw4szV3uqcgHEDk1usc89vzfVcXLlBkWe9O48TT&key=AIzaSyC8CiBVNeMwe0x7UVQlJ8TUmG7GYjbD_zE
sportsmed_clifton-nj_4.jpg,https://maps.googleapis.com/maps/api/place/photo?maxwidth=2048&photo_reference=AZose0my6Z-m6VaUGBc4NwkMgG8Vp4adP4SdicqxksEY4BwI_eq6RbTcKrSYSpqptzuc-D2gS0PYuv03ENnvGpizirCf4i6ObJUDeUVXUFg7ukmPVeW9tTQ30XHUmkk18G8ahhbgAY9a3X5-cODu8LbKyV8Xh4jF0oqdx6sToUVD1DmZRNog&key=AIzaSyC8CiBVNeMwe0x7UVQlJ8TUmG7GYjbD_zE
sportsmed_clifton-nj_5.jpg,https://maps.googleapis.com/maps/api/place/photo?maxwidth=2048&photo_reference=AZose0nHettuvM3HzVVFWFmC0Aptyh7ir3rl6LxzYW6hcG3kShpGyUwkfuytBRSJDTmOg9tBwC7KdS81tPNi1S11xMIdCLj-_qX-7K7E7Yz6MyZqb7zQtUagpIFagWG160Zxg4ChBnI0eidejG6ygyctyx1UY-6FHpFZd1DhDV-rr_LEeExT&key=AIzaSyC8CiBVNeMwe0x7UVQlJ8TUmG7GYjbD_zE
sportsmed_clifton-nj_6.jpg,https://maps.googleapis.com/maps/api/place/photo?maxwidth=2048&photo_reference=AZose0mMStuZUjd9R092QQpCXWH2ErKM8ZkpXw4o-a_OAcxXhUFQz3Gbl5aynWfgETtrmveN_VA1JwhbkcCf-dqQvkb0jkASMdGraITjFx9vmBPMqvNI_nxgNzCuRjtLaU0zYQ3tsavY6uMc9yS4V__TV-Cw3EuUDN1MjuoTo35DZ47Xlf80&key=AIzaSyC8CiBVNeMwe0x7UVQlJ8TUmG7GYjbD_zE
sportsmed_clifton-nj_7.jpg,https://maps.googleapis.com/maps/api/place/photo?maxwidth=2048&photo_reference=AZose0mB9uIv1ceCvfcaey9Q8Qq7fplhnwVWdq-d9GsdQCBLzYZ2GTtTQEcN7vXtLj1SmPUTvjFgnlD5F6UHeGn8PoKKe3JwozGzD2NvTst6y-hHn3tkZT18eyJeh5UfjFUoslKOkiZFyq8lYKY7AX7d430Y2TP0QOVGJemUswaIfK3xG9vG&key=AIzaSyC8CiBVNeMwe0x7UVQlJ8TUmG7GYjbD_zE
sportsmed_clifton-nj_8.jpg,https://maps.googleapis.com/maps/api/place/photo?maxwidth=2048&photo_reference=AZose0nxrcX819Bkq12OAumaB-3jJuRvIGZoq7RPJJ5AH1h1CD3fu6IuKta6hGeuA2xxPVxKS9r2tEBRvn9r2N_rlp8M3mxnNK0eZZsASvvqRQ2Xspj-wjSmlSrjEXuPKlaqGTGhRW7y7J746JEnUzhgkXIt6DnWO59xc4THpUSj1QPwTMiC&key=AIzaSyC8CiBVNeMwe0x7UVQlJ8TUmG7GYjbD_zE
sportsmed_clifton-nj_9.jpg,https://maps.googleapis.com/maps/api/place/photo?maxwidth=2048&photo_reference=AZose0lsPv0_D3LeX-M-IfwDQ7tlxLwggUMB2aXlV7HrT5ZnG8bmwP8aW9eF42cHZS74O9S65lPf05mxGvdu4MR4rko6udvOPJXJFkFiRlXmLkZ_VP8gs_vxMUGlqamNhyGZW7EP9y3GhQLo226r9UpVCO5Nk7zcnFTtm3BOKP3cP2agRkSr&key=AIzaSyC8CiBVNeMwe0x7UVQlJ8TUmG7GYjbD_zE
sportsmed_clifton-nj_10.jpg,https://maps.googleapis.com/maps/api/place/photo?maxwidth=2048&photo_reference=AZose0k6t3KMl9xTFqdVskpUYISQiBXWG5Y_IpTMa3Q3aLn03G3NzV-6nm9ag7J4NQATwHLD3xRPLtRL89BCy8AOPa0f9YmNm34P5Feq_azx-DJnG0aUedHZ8QLfukbxyVqjrFGLrXDrZdky5CpTPT_h76iDf_ytTTAp24q5aEGHhfr6InNC&key=AIzaSyC8CiBVNeMwe0x7UVQlJ8TUmG7GYjbD_zE
sportsmed_wayne-nj_1.jpg,https://maps.googleapis.com/maps/api/place/photo?maxwidth=2048&photo_reference=AZose0laBs95PQf0JM6mzgrdb_a2po_OehidJipjV0G_bzUtJY6eVQZsPh7HMxTUC1hNTymHNM3vHNW68ef0cjVvUNl-x1C2xMjtGyoII2ki4jf3MBN5eHYVkHOgm_psb9jvKjt3NR3kuv5EzWNVy38KFXWgYieT5mIwWvxtBfCAexq4SbRd&key=AIzaSyC8CiBVNeMwe0x7UVQlJ8TUmG7GYjbD_zE
sportsmed_wayne-nj_2.jpg,https://maps.googleapis.com/maps/api/place/photo?maxwidth=2048&photo_reference=AZose0nVnz5GbQgbdrEipVrTkVe_zxNy6zJhAOe2r6UTQdXRDxdneL2gZuF3c7EDmJKujEoYsXIqRcYsphqpRBRKpCVQeQSSEVDqloHsmC1J_EA9_NDVuIo1Qj390ghG2xj2djYO6CpRDMwn4dmzNnXJGR_ccS1hPcIxdkhw1kQ3b6YXxdO6&key=AIzaSyC8CiBVNeMwe0x7UVQlJ8TUmG7GYjbD_zE
sportsmed_englewood-nj_1.jpg,https://maps.googleapis.com/maps/api/place/photo?maxwidth=2048&photo_reference=AZose0lZ5wrSVD7iUVFI2Yb1PgfYqNMG1FgDiG3YEHzrqQ1Supnu75xrUM2Hst3PrisZpdvSDxrZp7KIpa1Nm6ZNbXOzBfVaAoR2DZpb2hgXxjYTTcPXlD9dGxm3oe37IKiOwGZd-cjnJIcIkTAyFr5z-kjdBR4Q-biMYmmEv2Va6My7wo5o&key=AIzaSyC8CiBVNeMwe0x7UVQlJ8TUmG7GYjbD_zE
sportsmed_englewood-nj_2.jpg,https://maps.googleapis.com/maps/api/place/photo?maxwidth=2048&photo_reference=AZose0mpXrPFq2x7Ws2ferTnYqnyZ3yzz_LLPJGAxxRHlyY077PMuGkYVvjKoSAt7hbM6816dnRFEK0vBlCvjj2b7DBjSlJmHrZtxrrFd7KUkm4E896IiF4TKzKzEi7BI4TjxGubIUz-Qb_BQIMje-3zfyXtTJo4n_GAkkRHNEU73AU6C116&key=AIzaSyC8CiBVNeMwe0x7UVQlJ8TUmG7GYjbD_zE
sportsmed_englewood-nj_3.jpg,https://maps.googleapis.com/maps/api/place/photo?maxwidth=2048&photo_reference=AZose0lFTDdoFH8rOsaTpi4QBFjeQmTYieOykHur4mpaYQaz4DMJina90uS9YrPvcOlX_QbP1eDAQPzZbT-CGYYlJ2LO9RLJsGkqyMp2ttCrmhrEvny3d7nfbejPA3xO90NI0yVfwHPGPopwlFHOduZv8VPey7QDoq2p7qFjV8j1r87OrpTy&key=AIzaSyC8CiBVNeMwe0x7UVQlJ8TUmG7GYjbD_zE
sportsmed_englewood-nj_4.jpg,https://maps.googleapis.com/maps/api/place/photo?maxwidth=2048&photo_reference=AZose0nog6rB2V32S1DKQBG8JAk-xSGMjGyW1SOUwb-GvGxdpegg09QcRiC2DbOj2P1wi01q8sVytJr0njBI8VVRKCRJCLqWOneC-fZKlXFx2m5ZO9KCOD0TXuO0xex0InMm7JvrE9hOQt6_hSGr4wHfhCJLN3F6o611e5dBtj9DFX1clnSu&key=AIzaSyC8CiBVNeMwe0x7UVQlJ8TUmG7GYjbD_zE
sportsmed_englewood-nj_5.jpg,https://maps.googleapis.com/maps/api/place/photo?maxwidth=2048&photo_reference=AZose0k0yhqFf5_LPPU69OFuRg4bsyKPjCeSMAuDB0byPBlbhT_W_avXuVvRp7VZoKecfL6CZGUov7kSXdkB0tprQ4kS1aWfP0r9LtSP7-v5f4stHzNevKuExY6NSbHnOflcQefRj7Bc0gFJmF_oWJe0nEIFdgCgrl1nfvSgtYXPuSNmprb-&key=AIzaSyC8CiBVNeMwe0x7UVQlJ8TUmG7GYjbD_zE
sportsmed_englewood-nj_6.jpg,https://maps.googleapis.com/maps/api/place/photo?maxwidth=2048&photo_reference=AZose0k4g74jGvlAjTx-MT-rFlzv1gfMQOwmfzbKTmNC5PpmDI5Me-5FS1AbgeVYp2FEID81A2D6QnMcQltx2QjGnG8ZaCROv4nbhBJTp8pSkdVG10xPQvzsDdSVXAKGNNYciC-V9DCvjj-cBz0T3-nuRjbpfffF1QMA1exubUIyKkg4RgxI&key=AIzaSyC8CiBVNeMwe0x7UVQlJ8TUmG7GYjbD_zE
sportsmed_englewood-nj_7.jpg,https://maps.googleapis.com/maps/api/place/photo?maxwidth=2048&photo_reference=AZose0mkvrQMGdaV9wskymy5NCtO6mRY3_r395jPT4bgU-_pT2Dp2y1SBX277XmKkhIjjHG9r6ozLBPPFEVSCSd40O-PzqgMhM3z9mz_VDR1s8to00s3vICScvC-PiEJzbn6Iow0WhLtJewEwm6PHHG0O6XuaPho73Tfgzmwuj7P8cNOTTIS&key=AIzaSyC8CiBVNeMwe0x7UVQlJ8TUmG7GYjbD_zE
sportsmed_englewood-nj_8.jpg,https://maps.googleapis.com/maps/api/place/photo?maxwidth=2048&photo_reference=AZose0muUocwvj75KWdgEarOOJce9qdeobPEF2VkVq0moiabVy7VnkrY2Q1bbzPS6r58oAry_ZVvd1zNUK_eR1z7saTIoGgbBhvhfShSN9WUT-VVYX6fHetZ0PR_dvHe9u6WVYgEqhBZg2uycp8Lk_Cs1WaZEgwLlz5K8_DsXETgdcRjFsyY&key=AIzaSyC8CiBVNeMwe0x7UVQlJ8TUmG7GYjbD_zE
sportsmed_englewood-nj_9.jpg,https://maps.googleapis.com/maps/api/place/photo?maxwidth=2048&photo_reference=AZose0n2rMxxp7pu8P6w43A6EFoYqU0FJ9vmNFbcV91jy2_NotH8hwmlKlGZOHVAjQrIj-diny9rgAsJ0a-49b-RILxrvvv9YjqXC7UHEZN6AbgItHOx7ue4UsWkPrHFOi1T27L0kMnqHZTHcn0Cb4ZpymVDYy8qLRGRbeZl1GXQABmNUlwX&key=AIzaSyC8CiBVNeMwe0x7UVQlJ8TUmG7GYjbD_zE
sportsmed_englewood-nj_10.jpg,https://maps.googleapis.com/maps/api/place/photo?maxwidth=2048&photo_reference=AZose0nGsQKTaz4QTiQfzSS6Oqhe1RZZSEYTAEYm93wBRKHaY9qYuLnFRlq1sU7uL10PJCEuO6ZtvasBY02rEI7coOVgLjwK5xQfTGZjXpTN5E1SpHARnle1Fj6iSkKiBRN2aQiNNytnbxBsFXm_E7XsgYsI9zwLk-KOtq4Srvu9k_gO94gM&key=AIzaSyC8CiBVNeMwe0x7UVQlJ8TUmG7GYjbD_zE
sportsmed_paramus-nj_1.jpg,https://maps.googleapis.com/maps/api/place/photo?maxwidth=2048&photo_reference=AZose0noSyxsnZXozm2d9LU1rH8AiZdYVJTP5iIL1nwgUzh8aY7Ek1cXmHu_7Bkky7ctB73VC61MO5g9Edxr0oqrCILbAmXbTmPKjuTD2ZseqTR3pQfRtKYwFHIrwDXTAp_3jEfNiYxQmY2s-Ms0Ffbqo0R9pcohUebeNj0eOAn8a3D5HOKW&key=AIzaSyC8CiBVNeMwe0x7UVQlJ8TUmG7GYjbD_zE
sportsmed_paramus-nj_2.jpg,https://maps.googleapis.com/maps/api/place/photo?maxwidth=2048&photo_reference=AZose0ltonlHrGC99svT_kmISey-xxnKKO7fSXUs1WPggvr0g3ugNYeLk4CyIWK_U8xd0G1fyzxS1xzkpfqyb3DeeN3EXLHIQwkGMRIczzpWWA8L1o357PNgDR7K6gClQCfzqB6HxZRVa2DDdJJlSrGZiHrRhzGn9ya2O_QcS4CEDBmH3b9T&key=AIzaSyC8CiBVNeMwe0x7UVQlJ8TUmG7GYjbD_zE
sportsmed_paramus-nj_3.jpg,https://maps.googleapis.com/maps/api/place/photo?maxwidth=2048&photo_reference=AZose0mj4tHiucRaL_PIBagP9KZQomvcDtFZLIpSJjr06ysNI9tXr5IG0Tlyk3iyzjCYQ-l6iLb7n6LuTHTgh5s70A6b_-Y8TGg0HVC7JVNolRrS9VEXrZ_3jp0VwwbXNZpUgBENdFvq8YgPb9bOwYJ_7Faa9cuBU7Eg_ARuxuUwLwTbevfC&key=AIzaSyC8CiBVNeMwe0x7UVQlJ8TUmG7GYjbD_zE
sportsmed_paramus-nj_4.jpg,https://maps.googleapis.com/maps/api/place/photo?maxwidth=2048&photo_reference=AZose0njsKFHkpBfExCt5DaxMW7AEkHdQMLK41xlKEWRGWhNcvEOkGuM91z8k0TSJ5WV-Jq0i04osrGxgDZN5Y2fWRV0Ye0B1XwAM-bhXbVydJkMhlCFYdzXqsDNezxMYJBUVdW1VNOk7nmQ-Hl-SOSrHPe33XpmG_VmTAhod5HPfAeXzlsU&key=AIzaSyC8CiBVNeMwe0x7UVQlJ8TUmG7GYjbD_zE
sportsmed_paramus-nj_5.jpg,https://maps.googleapis.com/maps/api/place/photo?maxwidth=2048&photo_reference=AZose0kleQm_-s4fBga0s1gm65_vrucHeGmDDFh2xCuCBz9GzL0cf-TNye5Rae6EoKeEfydePF9IQAtL0kg9YqlbABctTK_ns29mwKDrZR2MZ_oYdk1XgvhOqmlLqzdkuSTBiXNf0tF4LCEFDtYlOLXd_H5Z8kg9JhRo-Fy1K8nW1M92x0ca&key=AIzaSyC8CiBVNeMwe0x7UVQlJ8TUmG7GYjbD_zE
sportsmed_paramus-nj_6.jpg,https://maps.googleapis.com/maps/api/place/photo?maxwidth=2048&photo_reference=AZose0mxAnlCJOEmvl86KDcCjyZukGbQTudkWccRhOckzcq1L6o53UXQ33fw7wXKKFDOD-O6fL8m-iwpOGGnVcbqyJeacVnIECqZ3OhSSA-uVOXXPRNMAwNJ1yuvkDsXZq2K7y0qM0av4CAEOZeyZzSE409GbrB0mxYkYewwvl5wydBVH8se&key=AIzaSyC8CiBVNeMwe0x7UVQlJ8TUmG7GYjbD_zE
sportsmed_paramus-nj_7.jpg,https://maps.googleapis.com/maps/api/place/photo?maxwidth=2048&photo_reference=AZose0m7iQrcmzM80IKK0LSVukw4W4L8zf8UGmpf3Oe19b7A7ZeTPR2YNo0rahQ0WrEJYmlrlNtY0AnAPtz-7IyMHGzQ-hLWXtIvOu61uuBRQUp8Yk8fsja-aWBCoa931oE5W1ac5iuUZKgqpgR3DbBUlQ_LieGwasXwDHhJO-DmtxzRPyCh&key=AIzaSyC8CiBVNeMwe0x7UVQlJ8TUmG7GYjbD_zE
sportsmed_paramus-nj_8.jpg,https://maps.googleapis.com/maps/api/place/photo?maxwidth=2048&photo_reference=AZose0m1RT2wjxtLOmbpXuRSOTtv94TnuYt_JSI0Z-cD21Jv93VCqjtg6VF8CwJmYl0MJLS376j27c11w3nW8SNugOklFu5fF3oJoe0MJRcfDZ3RjaLDqRiIQUnb54MgLK4HPaTZUBa6WYKbLeALYs997wZjLmvqlTfP7-IyfNsC5IpuQHBH&key=AIzaSyC8CiBVNeMwe0x7UVQlJ8TUmG7GYjbD_zE
sportsmed_paramus-nj_9.jpg,https://maps.googleapis.com/maps/api/place/photo?maxwidth=2048&photo_reference=AZose0mi6SqOcNnqWwh1DHloMSScEN74rMygwgfweHUv2cC0noetiWZgXX5N8DuM1_FZGVD0o5u1NZ0t4a_y_aLsxx-93Njq-IADR1XKNhCGDhasV0KRzMMTWCKpltAZSspwjnlMARsuLcin6-3aGLIiRCDy6LmANx_2tZ0CbGr_XWGmyweo&key=AIzaSyC8CiBVNeMwe0x7UVQlJ8TUmG7GYjbD_zE
sportsmed_paramus-nj_10.jpg,https://maps.googleapis.com/maps/api/place/photo?maxwidth=2048&photo_reference=AZose0k4Ei_jiFXsUtggxuSFGEZIRaWy-2NgCAVYWGkQJXjT_ABhcJiUXBhl4wBlANJVPQdNkaK_OGCnaasyMeP7Nh7dnChR73uz2_Iq9ZBr3tC6SekSEc8C7f-mnJYrvhe6o7htNA5aSLxpWiNhxXOLJ6kLtNwbXqkPe6l23az0_MX788ok&key=AIzaSyC8CiBVNeMwe0x7UVQlJ8TUmG7GYjbD_zE
sportsmed_fair-lawn-nj_1.jpg,https://maps.googleapis.com/maps/api/place/photo?maxwidth=2048&photo_reference=AZose0klsx9JJXSIPNquG5b3yV7PsTjwenRVnUu-de3LOmnsp3Kf923Q6dGhmghA7QadCa9MGujGnzCGDO5qUeeZjmfEWMjM4JcpreXKqYmvdpOY0O5iz4e6MY2W8G0CaaCsyjs7o0dKY2M1ytMtM_94hikImXjviBMjEpQ3kUOGuGMluwB_&key=AIzaSyC8CiBVNeMwe0x7UVQlJ8TUmG7GYjbD_zE
sportsmed_fair-lawn-nj_2.jpg,https://maps.googleapis.com/maps/api/place/photo?maxwidth=2048&photo_reference=AZose0nPzjs8_TDOf9zseVmOaETZntCE3k5J6hReXkMX9AfdTlxZQHl_Bk-Bh9wZvu_n_v-yIvolmDcg1gE-FmEkrQEBqDhcbPF0ZKg5Zq91sVwBjsZiN0zKe3Mhfj-qz96cs_3fhkqACc0VX-879kp6ubhiO2FVWQVECPBmVrWWKBwAg-PD&key=AIzaSyC8CiBVNeMwe0x7UVQlJ8TUmG7GYjbD_zE
sportsmed_fair-lawn-nj_3.jpg,https://maps.googleapis.com/maps/api/place/photo?maxwidth=2048&photo_reference=AZose0lEZjT3jm6CrulKrBlHGdWhrJ56KprG7uW2aWq9PH_iqvmTPFPjbIqylgsssxKNXV8QHfQ6VFhlIcGinwZF21z-w_lTNHcBDxp_7qUOpYMH313o5xMgjf2l9fvURA_B4CInzAd1_obhmKoOl8LiQ7EmZJLyYh9dAlDGmlpkywPs7IS_&key=AIzaSyC8CiBVNeMwe0x7UVQlJ8TUmG7GYjbD_zE
sportsmed_fair-lawn-nj_4.jpg,https://maps.googleapis.com/maps/api/place/photo?maxwidth=2048&photo_reference=AZose0mvugSZxUQk630SAIj32jBp-eCNYRW9qEY4fSI02y-kj-hvWQpblHDOtvTBRJ5FH4hePVJxLJ6abR6VCLEyYKqY-hrObfMtr7PdncsT6UPDI7dV5P2AaJJANuR6ZZ6OLOwGywyWRqO5wlwndSnOhjqmsq5hdRQnpc7JcMaLKEBfdDwW&key=AIzaSyC8CiBVNeMwe0x7UVQlJ8TUmG7GYjbD_zE
sportsmed_fair-lawn-nj_5.jpg,https://maps.googleapis.com/maps/api/place/photo?maxwidth=2048&photo_reference=AZose0ne3IGGHcFPGetKyB1kx002k-RG8_iLYGiHEA8AExVXbqazbJe_uvk5sWFrtCFDnzaDtMkcRmAieKTznMthYdGw4oeyz3SSjqmW5TNKDAPCky_i4hYJxG0Qp169VCG8Nh1Ci2fXLnfnXVZPI71kFkoeRkqm9jX7Bwju41WQbn5v-2nQ&key=AIzaSyC8CiBVNeMwe0x7UVQlJ8TUmG7GYjbD_zE
sportsmed_fair-lawn-nj_6.jpg,https://maps.googleapis.com/maps/api/place/photo?maxwidth=2048&photo_reference=AZose0lM2BHBG6cJRFHdErPwaZh852zSLFTE0mqDThZi6V6ef9bi1W6eCsnXQO6z3btGQcnAZSTu5x5_oa_MR5veMNVOUVGdGgwGlC9_kaiPkhJ93aFXuNSApkqYrQD4CLtAMUjmUt3utdfyfLCSzfZqpOjqQP6vI7slIzBSHJSmzj_g2Mqn&key=AIzaSyC8CiBVNeMwe0x7UVQlJ8TUmG7GYjbD_zE
sportsmed_fair-lawn-nj_7.jpg,https://maps.googleapis.com/maps/api/place/photo?maxwidth=2048&photo_reference=AZose0m1iJUB4UuPq2EdT7HAA-Ikkng3Dn6Us00OgpMPfQZwXhjWUDguOc8KK72rtdIawx-7_j8KP_9DwMhHGifNnc7L9BvW5kT9zDlNXutPlmGL7f7k1-VLyBKP4yMh0fETXNzW_6jegaOfcmfGngYg5W6d409ISCNb1-zNUKJZ7iE7Z2UE&key=AIzaSyC8CiBVNeMwe0x7UVQlJ8TUmG7GYjbD_zE
sportsmed_fair-lawn-nj_8.jpg,https://maps.googleapis.com/maps/api/place/photo?maxwidth=2048&photo_reference=AZose0lIKUMzaV_VbfmG4TmHr1i-7CVhaaBUI8qlpURtLFni58Urf4jgOG9Qlfai5dyaqRycLtnTidaPDNp6IZUWz57MOo_aqKXmNQmqt2ztRqjGHMiKEu2L0T0cCGDpyOSYpIOHwDsJNr_qLrFkkUnucOIIV-W146Fr2AdPjfI5d1ZikUq-&key=AIzaSyC8CiBVNeMwe0x7UVQlJ8TUmG7GYjbD_zE
sportsmed_fair-lawn-nj_9.jpg,https://maps.googleapis.com/maps/api/place/photo?maxwidth=2048&photo_reference=AZose0kGya9c12SD1SpRfQsLc9tiG6SbNKETkQYFJIqHKW1LomRoDT52lp4BjoMyanLx0t3f9PjK5axXSqCJBR_XSr4wJ3HvNepaDaCaG6UasN81Zz9iRrGx_g4-QMLf3Dq4LD1uSPXl5dp5D2heBCz5sdaAXGv1kHuoRpBxKn1qrdwbXKGn&key=AIzaSyC8CiBVNeMwe0x7UVQlJ8TUmG7GYjbD_zE
sportsmed_fair-lawn-nj_10.jpg,https://maps.googleapis.com/maps/api/place/photo?maxwidth=2048&photo_reference=AZose0l39uyf-Y9qAWuniePXGlFp6gvjPmRHjp0dBXQfuONu6v2Fb9DuW9Bmq0zhh0uM2WUz3xBwFNDrT1gpaWSp3LpC4qJoAEzYv9WXUKs-Wklx84Ii4mGOCyJbvii01r2lQTg6R1gEQWkSlicN9dCo2x6Rf_c-NJD2v9acg_APTqYMxGGT&key=AIzaSyC8CiBVNeMwe0x7UVQlJ8TUmG7GYjbD_zE
sportsmed_glen-rock-nj_1.jpg,https://maps.googleapis.com/maps/api/place/photo?maxwidth=2048&photo_reference=AZose0lFnIVvVcqvLBV9EkUL9xfOfvYCt624BGxdSFxAyIpCqIg3lxnSUlcwgdtYOK3QnfQokO2-9nneGYa2f_gJKipCgCjT1Y88UxsLDFBgD5YacOfgIpl4NXszYbIaYs4xyR-HDJqkY4D8M10yiJ-iwKvb1uGTIBWLFzAAzgtxWueqEivq&key=AIzaSyC8CiBVNeMwe0x7UVQlJ8TUmG7GYjbD_zE
sportsmed_glen-rock-nj_2.jpg,https://maps.googleapis.com/maps/api/place/photo?maxwidth=2048&photo_reference=AZose0mkjXAZ7V1RYxFkLO2VZIa51a55bh1NvlMMJSsIiAyr10Bm280cslh4V82IuBDxBeluSDVj8_-y3vJ21hhAnaCetvZRA3hixFQxKzSHdYiOEZ_H2c5_m-jPUGzxWqphumRxqqDMYaYtYcOLzfib8pbTv4Vcz-XnOGlRNPhN9f4YILZq&key=AIzaSyC8CiBVNeMwe0x7UVQlJ8TUmG7GYjbD_zE
sportsmed_glen-rock-nj_3.jpg,https://maps.googleapis.com/maps/api/place/photo?maxwidth=2048&photo_reference=AZose0nFfNB6XK7EtT_ApZRLFAg3k6svq3wQP9jHqZCWOzvfpKe3r9TgL9L7i25k57wFPgVtKeCyajFw_X513W0tjaVvOm2GZuGSVxNJcRwnO5wSRbtbM6GWTdVXKmpdMkYGJtwDBstgRM36WRY-U3FDmZ39DmlKH5d87AE_7F525tcH8W73&key=AIzaSyC8CiBVNeMwe0x7UVQlJ8TUmG7GYjbD_zE
sportsmed_glen-rock-nj_4.jpg,https://maps.googleapis.com/maps/api/place/photo?maxwidth=2048&photo_reference=AZose0mc2wMF_5BmK6oVep1cjLI8cwfRBxEu6dfALngedwEntF_uHudqa6mu1D4fwxder3topdvWJ5kXccxbywf6xR4SabjWX5gTuKXqFF-zglLOuTBpYCcUPhnOkx6YtvLtHoiBy8_6yNjyRyXy1d4IfIu3fso9Bwb7BulfQ4sNg52fTv0W&key=AIzaSyC8CiBVNeMwe0x7UVQlJ8TUmG7GYjbD_zE
sportsmed_glen-rock-nj_5.jpg,https://maps.googleapis.com/maps/api/place/photo?maxwidth=2048&photo_reference=AZose0lkhD4PPwOaqo3ELOMbiZp1RA6JmL13PiTCOgRRCDcc_yhGGLTg5C252E33M1EHmzvj7x180Alwn3vAZLCFHlbxA3z3a2cDDaB-nOWxEfJZOdoOLj9ZhPhbCYWA1UIXfwnbKZTgp4EMKKHrI8KWAMKUKlHRMyPjbLT9GWoGHybqs2fb&key=AIzaSyC8CiBVNeMwe0x7UVQlJ8TUmG7GYjbD_zE
sportsmed_glen-rock-nj_6.jpg,https://maps.googleapis.com/maps/api/place/photo?maxwidth=2048&photo_reference=AZose0mZ9WS8wWHCyq7bgJweyozJ0W7g21RBYszcg-WahgloDlTOw_-g1p0tWre8j-7_0JhWwzLoFXu7pks-L38RQfzt-XciVQkdyvT3UTOQU44eFTwZQvnKQBWLyuBhamyI1u2lFKRmaEb2aZSHH9IX6_vicIo8V31sXs0VB4qcaZ8q8beD&key=AIzaSyC8CiBVNeMwe0x7UVQlJ8TUmG7GYjbD_zE
sportsmed_glen-rock-nj_7.jpg,https://maps.googleapis.com/maps/api/place/photo?maxwidth=2048&photo_reference=AZose0l1TMT2cWahCC-1tBWCquUOa7yEhOEMIhHVNY1N5WL8Xyx-C9WYS1TTUj2FpZE9QR4d0pAt8ugxz3tAVFpdoSmms-HSiYc55VTtHFttfDeucI2aZDarMT59HReGw31S1IFrrPwrDCrIL-MG5HNEQlGmYFy9CtcjWRiQ4Qqg7N_N0n69&key=AIzaSyC8CiBVNeMwe0x7UVQlJ8TUmG7GYjbD_zE
sportsmed_glen-rock-nj_8.jpg,https://maps.googleapis.com/maps/api/place/photo?maxwidth=2048&photo_reference=AZose0n2lHK1kdLKknpZZFqQqWTVVDaVoZZzMijQ04rXv_2hUI6mhLZR4J71eWM_dfJoLSjnA8Bsou1IDB_QfQnUA0qSt8JXeXIWeYfHJOvV8VQVr2Hjm7h6TtDXEzkZ9DMrEH9UyhrFw3WP2nwxNhF0BpTEGhFVyE9lq9fvZvNxBgoJh-Jr&key=AIzaSyC8CiBVNeMwe0x7UVQlJ8TUmG7GYjbD_zE
sportsmed_glen-rock-nj_9.jpg,https://maps.googleapis.com/maps/api/place/photo?maxwidth=2048&photo_reference=AZose0m1b3xFJwvzhS6QF1lag2VfitOaBgLU-Gjaa0ZRu97Me3al-avrSTRTGCqRJbFLmt_DeYtK9znjksPTgJXbEu7rlJHGwTeL594cJLQy0y2f7lKLC7SFNLTz3UUqh__olF9w3Lr2aZSw47gsjYz82XAEqN3IdQ5AOLSLktXM_Ehab8X4&key=AIzaSyC8CiBVNeMwe0x7UVQlJ8TUmG7GYjbD_zE
sportsmed_glen-rock-nj_10.jpg,https://maps.googleapis.com/maps/api/place/photo?maxwidth=2048&photo_reference=AZose0nlz8mgLXbquWmxaFnuituFDtu1iqvkqVY8dhbAqTH7nXcgnu9LsVv5XSPs9nXzqwX_LnX6r8wTxyxpmDbcrhT6j49zj9VQqS1i1-R4x6pyIzIE0tbyEVTA4IYT5vSYP195ddLxtDgTOdE69OYsZGWRznlTsEVTC5EkYNoiG35veiLl&key=AIzaSyC8CiBVNeMwe0x7UVQlJ8TUmG7GYjbD_zE
sportsmed_ridgewood-ho-ho-kus-nj_1.jpg,https://maps.googleapis.com/maps/api/place/photo?maxwidth=2048&photo_reference=AZose0n-D5l45gtwErWriA4HAn-MliBTKD44mNvp7jV9j4erDSyoHUQ5_BuvtJmcRyWNEMLqi7mg7phrvmq-2WmGSRXL340K3TagW1qgWccH2wylnYo4LvRLVhGyuD6r8tS3nnRFqNIpMUPBcVs2GnjOW09FsDXPfGeD4EkVXlMAauSCfdgo&key=AIzaSyC8CiBVNeMwe0x7UVQlJ8TUmG7GYjbD_zE
sportsmed_ridgewood-ho-ho-kus-nj_2.jpg,https://maps.googleapis.com/maps/api/place/photo?maxwidth=2048&photo_reference=AZose0mMJnU9511E-qKmcSlx23Ez2Ii4kIJMcBONp-KoKyU15ZTwVc0_CH89hiCEzSOVYNtViclPAu1Azq6x67TZDh9Xn9mNu3YSDHgTFhEtRhlCSM73xI49NzmbPXtQsrI_GqQwH2TDrfNlJlSUU3smx4nx4UHK0FtIUUfYBBWgp3chiufj&key=AIzaSyC8CiBVNeMwe0x7UVQlJ8TUmG7GYjbD_zE
sportsmed_ridgewood-ho-ho-kus-nj_3.jpg,https://maps.googleapis.com/maps/api/place/photo?maxwidth=2048&photo_reference=AZose0lTgpw33H-HpwK9tvQ8phN9LpV8LUtqXvMu2mb7ZwsqybfkLBy6exxevAHOzHaQdy0RrQFIvx8mvdyRO9Z6KHO8AJuR97cxouS2y7kwLRGIOEHxFUZj68K3yjru6UyUsqHStVjrsOl4EbLogfAn1jSCwyOg7lzOWjRDmq5kKEKpkZKX&key=AIzaSyC8CiBVNeMwe0x7UVQlJ8TUmG7GYjbD_zE
sportsmed_ridgewood-ho-ho-kus-nj_4.jpg,https://maps.googleapis.com/maps/api/place/photo?maxwidth=2048&photo_reference=AZose0nwxnXAR8O82prR9FXGupCLglHoj2B6UsB5ZwhN_-NDDO5c8Ovba4IMZJ61H_NmWSN4xJotofMLEBS3LOnu5ONmXcW0UZHMKA8oPTs4l7MQ2Mz0ej7eBuY_StqzuE-Wsxwnd7k-L2WYcWctlcSsNM7IY7BqabeVkT6W8IyRGg0MZJtI&key=AIzaSyC8CiBVNeMwe0x7UVQlJ8TUmG7GYjbD_zE
sportsmed_ridgewood-ho-ho-kus-nj_5.jpg,https://maps.googleapis.com/maps/api/place/photo?maxwidth=2048&photo_reference=AZose0mgLCwVK6eWBN16JV_AXHy_KCVjPuq_-2kqj35WVeNCcodFMfM4n55bb2vLRIywMFCDsmQKPX12dLZbj_UB8zsjWvPgBYapgUVmwfvygIuG7LRpXZo8i0svIN51_BGBjFcjwpz_Nr2bKVyvEXIHGozL2Z2n01s6-60Z56hJTq-u-eUS&key=AIzaSyC8CiBVNeMwe0x7UVQlJ8TUmG7GYjbD_zE
sportsmed_ridgewood-ho-ho-kus-nj_6.jpg,https://maps.googleapis.com/maps/api/place/photo?maxwidth=2048&photo_reference=AZose0k8K1cfAvCNc0m-Opqcr6trVEiw5Ld4vZ0oH-yuFrb1n90f1YeuWVQE0tr4G_pyVYNLUwx7wDATjB3Hr1bzfNesNS3tB8CAnwAZN_X6fCSeGaSxcOafdbbe3kLnjRzjO4Jsm6qNi4pmuk2bv0R9WI7L4G3kAwIqO8oLb9eH1v7guJpj&key=AIzaSyC8CiBVNeMwe0x7UVQlJ8TUmG7GYjbD_zE
sportsmed_ridgewood-ho-ho-kus-nj_7.jpg,https://maps.googleapis.com/maps/api/place/photo?maxwidth=2048&photo_reference=AZose0l3HmV_tg2rw5W5hhIv1Z3CX3vYaMWKJGC7BrT9iXUo35AQ-g7V_ulI_frXsrQjjbjzfnRVzWGLc5XifCnQo4DbHdN-k0cQQDn62AdaPMLnVvfuWufxYlelTK6t4FQ974sNynps_JW6BksF7Ef3DwdJCYcDdbx8-wL5jJuyFgX7OUOd&key=AIzaSyC8CiBVNeMwe0x7UVQlJ8TUmG7GYjbD_zE
sportsmed_ridgewood-ho-ho-kus-nj_8.jpg,https://maps.googleapis.com/maps/api/place/photo?maxwidth=2048&photo_reference=AZose0nch47K8FkmREPa-hvhTlYncYYxOp6SzpBowheuPtFOdyT_z0-byNOFbNY8v_QhNKPuz-7pk_XkaHCVIQn9pJA-YZCKThROc8SIMB7qwxPBQ3ROIDpnY1lGVCIvdxBeEQ0XGIHwbjbtcYYbLKKcL99VCI8t5mGWL8_KLeEoo-Qrh6IS&key=AIzaSyC8CiBVNeMwe0x7UVQlJ8TUmG7GYjbD_zE
sportsmed_ridgewood-ho-ho-kus-nj_9.jpg,https://maps.googleapis.com/maps/api/place/photo?maxwidth=2048&photo_reference=AZose0nn0tWmhAN4tmp5oD2YB4oJ7oAFUQ9wGImafH8ExXSuypKYpwJNRc2eE7wDEGNfE1QtTSPHVI3nyxqpr6tr0BHcScbXZ-dWTNbC4E_TePk-a6xGciwwLWEWgiQn6nsFCA1hJmSKIqeC7Tsl952W86e8G0AmUckTcdaYlTgs-0YF10Lo&key=AIzaSyC8CiBVNeMwe0x7UVQlJ8TUmG7GYjbD_zE
sportsmed_ridgewood-ho-ho-kus-nj_10.jpg,https://maps.googleapis.com/maps/api/place/photo?maxwidth=2048&photo_reference=AZose0km3CB1bsXRYM9mT59Q4pV6Tmg_62lqcsVblK0rxagUFfyv2JiOzqHY4svYVXZ_9-TryHyp34EAthxSW_J6GJ-lPX0i04VPhfKgg09Kc3ccCD1kRW2PMOQYsxSIu0CssSkAjUXXuS1eW9trLVjvz1GJBV3RTUaLQacVTuz81-ORDb6m&key=AIzaSyC8CiBVNeMwe0x7UVQlJ8TUmG7GYjbD_zE
sportsmed_franklin-lakes-nj_1.jpg,https://maps.googleapis.com/maps/api/place/photo?maxwidth=2048&photo_reference=AZose0kFvZQ-zOHnQshYshA_J7NhaMKGcV8UzIPNRmoDZCg6OivfN_oTgdOhx9oGeOXKaa3HHwd9EGrc8GxBKnrO-7MnK-2x1fQeH4XTjdzadK1Deagf47dQQGRp-CZs6-xdFZcWLKlh29iM1qC2WrALLkmP9_Bkl3X16COJ81w4h11-FP3e&key=AIzaSyC8CiBVNeMwe0x7UVQlJ8TUmG7GYjbD_zE
sportsmed_franklin-lakes-nj_2.jpg,https://maps.googleapis.com/maps/api/place/photo?maxwidth=2048&photo_reference=AZose0l5VZ6lScgdFmaK0PbThlc05oXBWB4L6Z92R8ymwUF4RgFsrypWxpCVPHCAJOrgLO5a_FDAX0D7mO8l8EpCfprdYldA-BDII5EH--xBryXyq1u5HS51XnnhK1jkTXyQVJycJmqR2F2DIBKsJ3GEfuA8cuWFqJ-M9lFbR4QAqWI3Nwpj&key=AIzaSyC8CiBVNeMwe0x7UVQlJ8TUmG7GYjbD_zE
sportsmed_franklin-lakes-nj_3.jpg,https://maps.googleapis.com/maps/api/place/photo?maxwidth=2048&photo_reference=AZose0nI-HDsGdzPHpS4TjUUEWvcPzWGT3FbavktHvkmh2PH3_ZGKhP8h2Im5A_yk7hubJdG3jUp7NDaKBQzalAX_qwDIvSWKV2eQTmHuAypjh3jRwURO4W0OUCESEcMT6OfTx7fzHDfK2OtqWfX5ARsc-BEImuKxRv2F6ehDojYuXACh4RX&key=AIzaSyC8CiBVNeMwe0x7UVQlJ8TUmG7GYjbD_zE
sportsmed_franklin-lakes-nj_4.jpg,https://maps.googleapis.com/maps/api/place/photo?maxwidth=2048&photo_reference=AZose0mzktO76vsgqQ9IEnTlSFRYG2vH3VClJghbngt7pVwzkxzW1fmkZDBfsKyQZfrtMWxlvOgl0B6IyTxi8CnLNasr7iyrAbc49EKvO5yi-ZpLlGUh1kb2a03McboZ6fFiKab5G0HIbQWqudRIGy8dBK8vYlyjV4AjPqdBoztEqQ72zPlR&key=AIzaSyC8CiBVNeMwe0x7UVQlJ8TUmG7GYjbD_zE
sportsmed_franklin-lakes-nj_5.jpg,https://maps.googleapis.com/maps/api/place/photo?maxwidth=2048&photo_reference=AZose0lknIUnGK06HHeAoRrJrVdceAxC9KZDmQG636vCXaPiWSr0LxxuJ1aoARD1dUwQ-9BFD0g7BZXHI0xrtG-7JUiTAOsq7GDoKCDwLvh4rP9rnTGZ60GYf0fNgXRLU1Xe3-WLrRU_VxJirvHS3zYsQeDqBksY6FycdqzlPUKHCGF7s190&key=AIzaSyC8CiBVNeMwe0x7UVQlJ8TUmG7GYjbD_zE
sportsmed_franklin-lakes-nj_6.jpg,https://maps.googleapis.com/maps/api/place/photo?maxwidth=2048&photo_reference=AZose0m8v9zRKOiH9FjP26BZlcGG40YjFo76TwW1T7tQ6nDAHc93P2yAnzATp6GcgYKKjayODEa6TTm2BCne-aaRX-7JfOK1IahfHPSuGFRZSAUO_vVHXDE45QvqVtEpexJ3DkLEcVOfHOjCQGlm74lGPSSVEzVewOXl3iqC8-45JGejLoRX&key=AIzaSyC8CiBVNeMwe0x7UVQlJ8TUmG7GYjbD_zE
sportsmed_franklin-lakes-nj_7.jpg,https://maps.googleapis.com/maps/api/place/photo?maxwidth=2048&photo_reference=AZose0kf9wbmZq6ceurUuFiSDxWLnB4XkDsEJ1NT2ooZ1jyARJCLuaAb3WBZFbjl5whdWIdyF4FqIGpD7ttv1HSwFzmZo5XnR3NiUOjQwx-emjZPLLJS3REEAlEh7-LVffvIHy_rPvtxW4tvoCQ-wCjcWiV0rHb15hJXbq1sN12SQUKy2wDR&key=AIzaSyC8CiBVNeMwe0x7UVQlJ8TUmG7GYjbD_zE
sportsmed_franklin-lakes-nj_8.jpg,https://maps.googleapis.com/maps/api/place/photo?maxwidth=2048&photo_reference=AZose0me_OCRbf-tl2kk7OHputlX0C0uxh7d7HLvp1yabj85x7gvA4DlvLs543p5vzU0i0aRPzcJfIduXZPf2H8ZQzfumebKs2--8SdlvFUVZ9IklAIkRettBpeqOXhCwOWH_F-94WfjDhvHY0KBm0XAT3aUBhKmguIg4LFwg2oBNqDZ9UUI&key=AIzaSyC8CiBVNeMwe0x7UVQlJ8TUmG7GYjbD_zE
sportsmed_franklin-lakes-nj_9.jpg,https://maps.googleapis.com/maps/api/place/photo?maxwidth=2048&photo_reference=AZose0keUVuxtN6Wd7hQZ_uQqcKd3gwDDf21FzzsFEVu1C58wO4sKiR2zPVJUyIMUCq5KkpBxO0AyLzRA4taAQg_-Khz-2MJfe-By5_3N6sEP6D-UIvCKcxaniXnW1Lfn80-f6fUPMTo8xpUX4uOfAmUO_j4K6wdTMPKdgRR6Cv4zdiZimg6&key=AIzaSyC8CiBVNeMwe0x7UVQlJ8TUmG7GYjbD_zE
sportsmed_franklin-lakes-nj_10.jpg,https://maps.googleapis.com/maps/api/place/photo?maxwidth=2048&photo_reference=AZose0naE3m2bknFOGaoeJIcvjp4a9KKe9ANUbV09ffLuovbfB_OfcbzXrRthjA4XB-4ZTStUC7_hg3LS88EMfp2F8-z5erXmBFzIZUlpEUZa0AJEKLzOWBkB1sajjy38o2y0qCKftwIimTL8V5f3LnEBpvdXK0U3Eekl_F2qecGnsGoDi2J&key=AIzaSyC8CiBVNeMwe0x7UVQlJ8TUmG7GYjbD_zE